x,y,nx,ny,h,bnd_ident
-0.999684,1.21431e-16,-1.0,0.0,0.1,1
0.999368,0.0251222,0.999684,0.0251301,0.1,1
0.711311,-0.702428,0.711536,-0.70265,0.1,1
0.996844,0.075303,0.997159,0.0753268,0.1,1
-0.998422,-0.0502285,-0.998737,-0.0502443,0.1,1
0.991801,0.125294,0.992115,0.125333,0.1,1
0.0376783,-0.998974,0.0376902,-0.999289,0.1,1
0.984253,0.174968,0.984564,0.175023,0.1,1
-0.994637,-0.10033,-0.994951,-0.100362,0.1,1
0.974219,0.2242,0.974527,0.224271,0.1,1
0.929483,-0.368008,0.929776,-0.368125,0.1,1
0.961724,0.272866,0.962028,0.272952,0.1,1
-0.98834,-0.150178,-0.988652,-0.150226,0.1,1
0.946799,0.320842,0.947098,0.320944,0.1,1
0.0878235,-0.995819,0.0878512,-0.996134,0.1,1
0.929483,0.368008,0.929776,0.368125,0.1,1
-0.979546,-0.199647,-0.979855,-0.19971,0.1,1
0.909819,0.414245,0.910106,0.414376,0.1,1
0.745706,-0.665802,0.745941,-0.666012,0.1,1
0.887856,0.459435,0.888136,0.45958,0.1,1
-0.968277,-0.248611,-0.968583,-0.24869,0.1,1
0.863651,0.503464,0.863923,0.503623,0.1,1
0.137747,-0.990149,0.13779,-0.990461,0.1,1
0.837264,0.546222,0.837528,0.546394,0.1,1
-0.954563,-0.296948,-0.954865,-0.297042,0.1,1
0.808761,0.5876,0.809017,0.587785,0.1,1
0.984253,-0.174968,0.984564,-0.175023,0.1,1
0.778216,0.627493,0.778462,0.627691,0.1,1
-0.938437,-0.344534,-0.938734,-0.344643,0.1,1
0.745706,0.665802,0.745941,0.666012,0.1,1
0.187322,-0.981977,0.187381,-0.982287,0.1,1
0.711311,0.702428,0.711536,0.70265,0.1,1
-0.919941,-0.39125,-0.920232,-0.391374,0.1,1
0.67512,0.73728,0.675333,0.737513,0.1,1
0.778216,-0.627493,0.778462,-0.627691,0.1,1
0.637223,0.77027,0.637424,0.770513,0.1,1
-0.899121,-0.436978,-0.899405,-0.437116,0.1,1
0.597716,0.801314,0.597905,0.801567,0.1,1
0.236424,-0.971325,0.236499,-0.971632,0.1,1
0.5567,0.830334,0.556876,0.830596,0.1,1
-0.87603,-0.481602,-0.876307,-0.481754,0.1,1
0.514277,0.857256,0.51444,0.857527,0.1,1
0.946799,-0.320842,0.947098,-0.320944,0.1,1
0.470555,0.882013,0.470704,0.882291,0.1,1
-0.850726,-0.525009,-0.850994,-0.525175,0.1,1
0.425645,0.904541,0.425779,0.904827,0.1,1
0.284929,-0.958219,0.285019,-0.958522,0.1,1
0.379659,0.924785,0.379779,0.925077,0.1,1
-0.823273,-0.56709,-0.823533,-0.567269,0.1,1
0.332714,0.942693,0.33282,0.942991,0.1,1
0.808761,-0.5876,0.809017,-0.587785,0.1,1
0.284929,0.958219,0.285019,0.958522,0.1,1
-0.79374,-0.607738,-0.79399,-0.60793,0.1,1
0.236424,0.971325,0.236499,0.971632,0.1,1
0.332714,-0.942693,0.33282,-0.942991,0.1,1
0.187322,0.981977,0.187381,0.982287,0.1,1
-0.762202,-0.646852,-0.762443,-0.647056,0.1,1
0.137747,0.990149,0.13779,0.990461,0.1,1
0.996844,-0.075303,0.997159,-0.0753268,0.1,1
0.0878235,0.995819,0.0878512,0.996134,0.1,1
-0.728738,-0.684331,-0.728969,-0.684547,0.1,1
0.0376783,0.998974,0.0376902,0.999289,0.1,1
0.379659,-0.924785,0.379779,-0.925077,0.1,1
-0.0125621,0.999605,-0.012566,0.999921,0.1,1
-0.693434,-0.720082,-0.693653,-0.720309,0.1,1
-0.0627707,0.997712,-0.0627905,0.998027,0.1,1
0.837264,-0.546222,0.837528,-0.546394,0.1,1
-0.112821,0.993298,-0.112856,0.993611,0.1,1
-0.656378,-0.754013,-0.656586,-0.754251,0.1,1
-0.162586,0.986374,-0.162637,0.986686,0.1,1
0.425645,-0.904541,0.425779,-0.904827,0.1,1
-0.21194,0.976959,-0.212007,0.977268,0.1,1
-0.617665,-0.78604,-0.61786,-0.786288,0.1,1
-0.260759,0.965077,-0.260842,0.965382,0.1,1
0.961724,-0.272866,0.962028,-0.272952,0.1,1
-0.308919,0.950756,-0.309017,0.951057,0.1,1
-0.57739,-0.816081,-0.577573,-0.816339,0.1,1
-0.356299,0.934034,-0.356412,0.934329,0.1,1
0.470555,-0.882013,0.470704,-0.882291,0.1,1
-0.402779,0.914952,-0.402906,0.915241,0.1,1
-0.535658,-0.844061,-0.535827,-0.844328,0.1,1
-0.448242,0.893559,-0.448383,0.893841,0.1,1
0.863651,-0.503464,0.863923,-0.503623,0.1,1
-0.492572,0.869909,-0.492727,0.870184,0.1,1
-0.492572,-0.869909,-0.492727,-0.870184,0.1,1
-0.535658,0.844061,-0.535827,0.844328,0.1,1
0.514277,-0.857256,0.51444,-0.857527,0.1,1
-0.57739,0.816081,-0.577573,0.816339,0.1,1
-0.448242,-0.893559,-0.448383,-0.893841,0.1,1
-0.617665,0.78604,-0.61786,0.786288,0.1,1
0.991801,-0.125294,0.992115,-0.125333,0.1,1
-0.656378,0.754013,-0.656586,0.754251,0.1,1
-0.402779,-0.914952,-0.402906,-0.915241,0.1,1
-0.693434,0.720082,-0.693653,0.720309,0.1,1
0.5567,-0.830334,0.556876,-0.830596,0.1,1
-0.728738,0.684331,-0.728969,0.684547,0.1,1
-0.356299,-0.934034,-0.356412,-0.934329,0.1,1
-0.762202,0.646852,-0.762443,0.647056,0.1,1
0.887856,-0.459435,0.888136,-0.45958,0.1,1
-0.79374,0.607738,-0.79399,0.60793,0.1,1
-0.308919,-0.950756,-0.309017,-0.951057,0.1,1
-0.823273,0.56709,-0.823533,0.567269,0.1,1
0.597716,-0.801314,0.597905,-0.801567,0.1,1
-0.850726,0.525009,-0.850994,0.525175,0.1,1
-0.260759,-0.965077,-0.260842,-0.965382,0.1,1
-0.87603,0.481602,-0.876307,0.481754,0.1,1
0.974219,-0.2242,0.974527,-0.224271,0.1,1
-0.899121,0.436978,-0.899405,0.437116,0.1,1
-0.21194,-0.976959,-0.212007,-0.977268,0.1,1
-0.919941,0.39125,-0.920232,0.391374,0.1,1
0.637223,-0.77027,0.637424,-0.770513,0.1,1
-0.938437,0.344534,-0.938734,0.344643,0.1,1
-0.162586,-0.986374,-0.162637,-0.986686,0.1,1
-0.954563,0.296948,-0.954865,0.297042,0.1,1
0.909819,-0.414245,0.910106,-0.414376,0.1,1
-0.968277,0.248611,-0.968583,0.24869,0.1,1
-0.112821,-0.993298,-0.112856,-0.993611,0.1,1
-0.979546,0.199647,-0.979855,0.19971,0.1,1
0.67512,-0.73728,0.675333,-0.737513,0.1,1
-0.98834,0.150178,-0.988652,0.150226,0.1,1
-0.0627707,-0.997712,-0.0627905,-0.998027,0.1,1
-0.994637,0.10033,-0.994951,0.100362,0.1,1
0.999368,-0.0251222,0.999684,-0.0251301,0.1,1
-0.998422,0.0502285,-0.998737,0.0502443,0.1,1
-0.0125621,-0.999605,-0.012566,-0.999921,0.1,1
0.145469,-0.37717,0.996432,0.0843975,0.1,0
0.38562,0.0175693,0.944989,0.327101,0.1,0
-0.433087,-0.0640639,-0.248271,0.968691,0.1,0
0.0158459,0.382741,0.997465,-0.071161,0.1,0
-0.121785,0.461835,0.195144,-0.980775,0.1,0
-0.125804,-0.363636,0.144538,-0.989499,0.1,0
0.364826,0.188212,-0.396799,0.917906,0.1,0
0.0661247,-0.425557,-0.588828,-0.808259,0.1,0
0.276724,-0.296268,0.981926,-0.189263,0.1,0
0.348874,-0.175943,-0.202921,0.979195,0.1,0
-0.169315,-0.34255,-0.789006,0.614386,0.1,0
-0.265921,-0.298092,0.806246,0.59158,0.1,0
-0.314573,0.169682,-0.524392,0.851477,0.1,0
-0.292533,0.24316,-0.543423,0.839459,0.1,0
0.204898,0.334052,0.628244,-0.778017,0.1,0
-0.161267,0.360642,-0.802214,0.597036,0.1,0
-0.338479,-0.19079,0.741183,-0.671303,0.1,0
-0.074077,-0.377781,0.63037,0.776295,0.1,0
-0.262724,0.347829,0.871929,-0.489632,0.1,0
0.246965,0.298184,0.657316,-0.753615,0.1,0
-0.356451,0.0410146,0.395861,-0.91831,0.1,0
-0.237841,-0.339885,0.129111,-0.99163,0.1,0
0.295928,0.265667,-0.667128,0.744943,0.1,0
0.0818049,0.366294,-0.178071,0.984018,0.1,0
-0.325057,0.127762,-0.943048,-0.332657,0.1,0
0.352831,-0.0637479,0.802828,-0.59621,0.1,0
0.372614,-0.117618,0.515404,-0.856947,0.1,0
-0.376749,-0.144225,-0.674436,-0.738333,0.1,0
-0.147195,0.415947,-0.932867,-0.36022,0.1,0
0.370184,-0.256948,-0.108793,-0.994064,0.1,0
-0.295484,0.279058,0.0671309,-0.997744,0.1,0
0.384353,-0.221655,0.635776,0.771874,0.1,0
0.385432,0.116542,0.681534,-0.731787,0.1,0
0.24411,-0.332662,-0.609851,-0.792516,0.1,0
-0.0636223,0.394416,-0.781791,-0.623541,0.1,0
0.106261,-0.402294,0.694227,0.719757,0.1,0
0.105376,-0.357302,-0.923227,-0.384255,0.1,0
-0.106441,0.380576,-0.548992,-0.835827,0.1,0
0.232588,-0.289162,0.405574,-0.914062,0.1,0
0.410092,0.0789009,0.152599,-0.988288,0.1,0
0.339393,-0.219772,0.625293,0.78039,0.1,0
-0.253109,0.263914,0.497775,0.867306,0.1,0
-0.357228,-0.10368,0.0432174,0.999066,0.1,0
0.330272,-0.102384,-0.4623,0.886724,0.1,0
0.328556,-0.0258569,0.825986,-0.563691,0.1,0
-0.313195,0.0843531,-0.96278,0.270285,0.1,0
0.0612967,0.326239,0.98024,-0.197814,0.1,0
0.252516,0.253818,0.460362,0.887731,0.1,0
-0.202175,-0.312445,-0.97965,-0.200715,0.1,0
-0.339698,-0.000750546,-0.380993,-0.924578,0.1,0
-0.255427,0.303424,0.321064,0.947058,0.1,0
-0.0401507,-0.348217,0.924052,-0.382268,0.1,0
-0.328441,-0.146924,0.371054,-0.928611,0.1,0
-0.143726,0.319201,0.669665,0.742663,0.1,0
0.160411,0.340829,-0.988618,-0.15045,0.1,0
-0.275726,0.201416,0.815033,0.579414,0.1,0
-0.274463,0.149282,0.485494,-0.87424,0.1,0
-0.228626,-0.27291,-0.967682,-0.252175,0.1,0
-0.130766,-0.319334,-0.996487,0.0837449,0.1,0
0.3325,0.219517,0.987804,0.1557,0.1,0
-0.0901283,-0.336209,0.890207,0.455556,0.1,0
0.00183349,0.339978,0.979683,0.200552,0.1,0
-0.405584,-0.0996815,-0.966372,0.257149,0.1,0
0.352494,0.048027,0.855045,-0.518553,0.1,0
0.173954,-0.342334,0.0975162,0.995234,0.1,0
-0.0307558,0.363929,-0.745794,-0.666177,0.1,0
-0.388269,-0.0613886,-0.437909,-0.899019,0.1,0
-0.294787,-0.25771,0.110877,0.993834,0.1,0
0.0687207,-0.377721,0.478202,0.87825,0.1,0
-0.22451,0.370853,-0.0432337,-0.999065,0.1,0
0.114781,0.335892,-0.882649,0.470033,0.1,0
0.119675,0.291159,-0.536185,-0.844101,0.1,0
-0.217025,0.32648,0.918655,-0.39506,0.1,0
0.0681194,-0.332725,-0.224383,-0.974501,0.1,0
-0.254906,-0.236866,0.371897,0.928274,0.1,0
-0.343269,-0.0612542,-0.254129,0.96717,0.1,0
-0.0736646,0.350371,-0.581852,-0.813294,0.1,0
0.189209,-0.299998,-0.147404,0.989076,0.1,0
0.318413,0.0186424,0.986884,0.161429,0.1,0
-0.0384294,0.319881,-0.16735,-0.985898,0.1,0
-0.0561964,-0.306652,0.991416,-0.130743,0.1,0
0.290902,0.202352,-0.573296,0.819349,0.1,0
-0.09528,-0.291661,-0.751332,0.659924,0.1,0
-0.273136,0.104301,-0.961433,0.275038,0.1,0
-0.238512,0.176115,0.953447,-0.301561,0.1,0
-0.164879,0.279483,0.475054,0.879957,0.1,0
-0.295787,-0.177888,0.924032,-0.382315,0.1,0
-0.00473903,-0.32045,0.809878,0.586599,0.1,0
-0.214075,0.285675,-0.993304,0.115533,0.1,0
-0.163762,-0.289005,-0.745465,0.666545,0.1,0
0.0245427,0.300275,-0.958496,-0.285105,0.1,0
0.287252,-0.00799747,0.997269,0.0738587,0.1,0
0.286487,-0.0919961,-0.215506,0.976502,0.1,0
-0.312253,-0.105154,0.251125,-0.967955,0.1,0
-0.236002,0.222293,0.961604,-0.27444,0.1,0
0.306155,-0.189436,-0.515597,-0.856831,0.1,0
0.240942,-0.244944,-0.456914,-0.889511,0.1,0
0.113714,-0.313081,0.975087,-0.221821,0.1,0
0.351084,0.145615,-0.981543,0.19124,0.1,0
-0.311967,0.03422,-0.831253,-0.555894,0.1,0
0.176421,0.299209,0.995434,-0.0954542,0.1,0
0.321448,0.176241,-0.861303,0.508092,0.1,0
0.279863,0.159043,0.369191,-0.929354,0.1,0
0.198267,0.259867,0.495756,0.868462,0.1,0
-0.295407,-0.0076223,-0.971522,0.236949,0.1,0
0.307643,0.133872,-0.324455,-0.945901,0.1,0
0.147611,-0.283485,0.959199,0.282731,0.1,0
0.25916,-0.203797,-0.671625,-0.740891,0.1,0
-0.19883,0.196931,-0.0518,-0.998657,0.1,0
-0.279577,-0.136094,0.418106,-0.908398,0.1,0
0.295706,-0.136042,0.998523,0.0543378,0.1,0
0.272378,0.0344732,0.882103,0.471056,0.1,0
-0.0160806,0.280916,0.79047,-0.6125,0.1,0
-0.131407,-0.25773,0.796005,0.60529,0.1,0
-0.196937,0.244067,0.631858,-0.775084,0.1,0
-0.00435299,-0.275451,0.942629,-0.333843,0.1,0
-0.228809,0.132174,0.9706,-0.240696,0.1,0
-0.274759,0.0593306,0.992113,-0.125343,0.1,0
-0.0611715,-0.262308,0.449339,0.893361,0.1,0
0.246472,0.209489,-0.657592,0.753374,0.1,0
-0.0812823,0.306147,0.768712,-0.639596,0.1,0
0.310191,0.062885,0.99974,0.022812,0.1,0
0.197721,-0.255811,0.667676,0.744452,0.1,0
-0.298288,-0.0625588,0.813189,0.582,0.1,0
-0.212161,-0.2228,-0.958632,0.284649,0.1,0
0.0765223,-0.288517,0.560913,-0.827875,0.1,0
0.960735,-0.024151,0.971223,0.238173,0.1,0
0.088774,0.258446,-0.661905,0.749588,0.1,0
0.95246,-0.0719502,0.933981,0.357324,0.1,0
0.347598,0.0927599,0.251616,-0.967827,0.1,0
0.956722,-0.120862,0.953674,-0.300841,0.1,0
-0.120031,0.280945,0.154707,0.98796,0.1,0
0.949827,-0.168848,0.989203,-0.146549,0.1,0
0.296354,-0.232912,-0.957491,-0.288464,0.1,0
0.932483,-0.214595,0.95232,0.3051,0.1,0
-0.14143,0.241359,-0.482734,0.875767,0.1,0
0.922325,-0.261687,0.998837,-0.0482239,0.1,0
0.0445454,0.25015,-0.99369,-0.112162,0.1,0
0.907033,-0.307367,0.944488,-0.328545,0.1,0
0.110235,-0.25871,0.0216678,0.999765,0.1,0
0.892003,-0.353169,0.945665,-0.325142,0.1,0
-0.232572,-0.182695,-0.965333,-0.261021,0.1,0
0.870805,-0.396482,0.938733,-0.344646,0.1,0
-0.265737,-0.0936305,0.463668,0.886009,0.1,0
0.851083,-0.440406,0.761499,-0.648167,0.1,0
0.186874,-0.212138,-0.0532818,0.99858,0.1,0
0.827907,-0.482628,0.816598,-0.577207,0.1,0
0.281366,0.0974408,-0.518496,-0.85508,0.1,0
0.803823,-0.524406,0.872292,-0.488986,0.1,0
-0.0600435,0.266474,0.704358,-0.709845,0.1,0
0.77839,-0.565534,0.735819,-0.677178,0.1,0
-0.0272124,-0.232782,-0.815355,0.578961,0.1,0
0.749308,-0.604183,0.632375,-0.774662,0.1,0
-0.258277,0.0174574,0.120843,-0.992672,0.1,0
0.711323,-0.635103,0.832731,-0.553678,0.1,0
-0.231613,0.0872614,-0.555156,0.831746,0.1,0
0.680904,-0.672401,0.828741,-0.559633,0.1,0
0.0392102,-0.264171,-0.712591,-0.70158,0.1,0
0.649547,-0.709353,0.785954,-0.618285,0.1,0
-0.169762,-0.234194,0.451938,0.892049,0.1,0
0.612143,-0.739954,0.711962,-0.702218,0.1,0
0.239021,0.0042678,-0.271404,-0.962465,0.1,0
0.57227,-0.7672,0.708491,-0.70572,0.1,0
0.253094,-0.121578,0.943492,0.331394,0.1,0
0.53489,-0.797804,0.518107,-0.855316,0.1,0
-0.154157,0.191519,0.543296,-0.839541,0.1,0
0.495563,-0.826061,0.581846,-0.813299,0.1,0
0.264156,-0.159075,-0.384439,0.923151,0.1,0
0.451376,-0.846062,0.714989,-0.699136,0.1,0
0.156218,-0.239316,0.921915,0.387393,0.1,0
0.409845,-0.870965,0.600338,-0.799747,0.1,0
-0.261494,-0.0372002,0.882434,-0.470436,0.1,0
0.364629,-0.888175,0.311637,-0.950201,0.1,0
0.173312,0.222421,0.997623,-0.0689068,0.1,0
0.320117,-0.906999,0.468175,-0.883636,0.1,0
0.249962,0.125414,0.930674,0.365851,0.1,0
0.273923,-0.921205,0.489223,-0.872159,0.1,0
0.152824,0.260892,0.31431,0.949321,0.1,0
0.226813,-0.931838,0.475546,-0.879691,0.1,0
0.284459,-0.0529107,-0.404285,-0.914633,0.1,0
0.180606,-0.94677,-0.0425332,-0.999095,0.1,0
0.0343629,-0.302968,-0.577734,0.816225,0.1,0
0.131692,-0.946623,0.699097,-0.715027,0.1,0
0.239503,-0.0549058,-0.998333,-0.0577233,0.1,0
0.0840924,-0.953513,0.350942,-0.936397,0.1,0
0.121949,0.228154,-0.99949,0.0319333,0.1,0
0.0362504,-0.961116,0.195582,-0.980687,0.1,0
0.218046,0.0936912,-0.897658,0.440694,0.1,0
-0.0120624,-0.959847,0.082137,-0.996621,0.1,0
-0.22899,-0.0683213,0.766171,0.642637,0.1,0
-0.0603955,-0.959959,-0.203027,-0.979173,0.1,0
0.145439,-0.195625,0.882186,-0.470901,0.1,0
-0.107929,-0.950231,-0.350376,-0.936609,0.1,0
0.219841,-0.151251,-0.949322,-0.314305,0.1,0
-0.157137,-0.95332,-0.0529206,-0.998599,0.1,0
-0.16581,0.148054,-0.998862,0.0476971,0.1,0
-0.202474,-0.933326,-0.257306,-0.96633,0.1,0
0.223281,0.046425,-0.0616735,-0.998096,0.1,0
-0.250857,-0.92843,-0.360377,-0.932807,0.1,0
-0.129978,-0.213164,0.875916,0.482464,0.1,0
-0.297538,-0.915728,-0.487186,-0.873298,0.1,0
0.0727194,-0.234135,0.189275,0.981924,0.1,0
-0.34048,-0.892563,-0.574608,-0.818429,0.1,0
-0.186701,0.0844446,0.552625,0.83343,0.1,0
-0.389477,-0.884735,-0.358974,-0.933347,0.1,0
-0.22606,0.0488747,0.901708,-0.432345,0.1,0
-0.431814,-0.860811,-0.347889,-0.937536,0.1,0
-0.0508746,-0.194506,-0.270844,-0.962623,0.1,0
-0.473626,-0.836451,-0.582191,-0.813052,0.1,0
-0.0967591,0.240456,-0.477557,-0.878601,0.1,0
-0.515173,-0.811783,-0.590438,-0.807083,0.1,0
-0.235763,-0.127194,0.811129,-0.584868,0.1,0
-0.555429,-0.785041,-0.59107,-0.80662,0.1,0
-0.187653,-0.185395,-0.998533,0.0541475,0.1,0
-0.593942,-0.755851,-0.610197,-0.79225,0.1,0
0.000794551,0.23962,0.777558,0.628812,0.1,0
-0.63172,-0.725687,-0.607209,-0.794542,0.1,0
-0.11222,0.207128,0.880552,-0.47395,0.1,0
-0.664957,-0.69051,-0.836629,-0.547771,0.1,0
0.0736555,0.216062,-0.997036,-0.0769325,0.1,0
-0.702536,-0.659725,-0.664115,-0.747631,0.1,0
-0.0943741,-0.232165,0.429974,0.902841,0.1,0
-0.728159,-0.617961,-0.675476,-0.737382,0.1,0
0.0983651,0.178453,-0.710124,-0.704077,0.1,0
-0.765361,-0.58601,-0.885312,-0.464998,0.1,0
-0.1198,0.162771,-0.481021,-0.876709,0.1,0
-0.792514,-0.545903,-0.864083,-0.50335,0.1,0
0.0115936,0.195935,-0.928366,0.371668,0.1,0
-0.811564,-0.500841,-0.881988,-0.471271,0.1,0
-0.145066,-0.170858,0.145725,0.989325,0.1,0
-0.842439,-0.463135,-0.852751,-0.522318,0.1,0
-0.192961,-0.141088,-0.940042,-0.341059,0.1,0
-0.863894,-0.419857,-0.821894,-0.569641,0.1,0
-0.0576237,0.218243,0.937549,-0.347852,0.1,0
-0.883854,-0.375902,-0.943724,-0.330734,0.1,0
-0.0829654,-0.162959,-0.976131,0.217184,0.1,0
-0.902508,-0.331343,-0.944252,-0.329223,0.1,0
-0.21524,0.00519489,0.0913432,-0.995819,0.1,0
-0.9186,-0.28576,-0.990908,-0.134542,0.1,0
0.0876254,-0.191676,0.368681,0.929556,0.1,0
-0.933888,-0.239782,-0.973274,-0.229645,0.1,0
0.182887,0.0662584,0.356692,0.934222,0.1,0
-0.940091,-0.191605,-0.917148,-0.398547,0.1,0
-0.148008,0.106725,-0.201062,0.979579,0.1,0
-0.947733,-0.144008,-0.981059,-0.19371,0.1,0
0.210646,-0.107201,-0.709041,-0.705167,0.1,0
-0.952474,-0.096077,-0.986253,-0.165242,0.1,0
-0.198796,-0.101688,0.221682,0.975119,0.1,0
-0.958439,-0.048217,-0.954035,-0.299694,0.1,0
0.199229,0.134568,-0.952423,0.304779,0.1,0
-0.961009,1.21431e-16,-0.990979,-0.134015,0.1,0
0.205555,-0.0253675,-0.0351275,-0.999383,0.1,0
-0.957226,0.048156,-0.983862,-0.178932,0.1,0
0.194728,0.012211,0.9244,0.381424,0.1,0
-0.96108,0.0969451,-0.999985,0.00555326,0.1,0
0.0304178,-0.220038,-0.859105,-0.5118,0.1,0
-0.94695,0.143889,-0.999537,0.0304221,0.1,0
0.00161261,-0.198226,-0.92867,0.370908,0.1,0
-0.935586,0.190687,-0.994258,0.107007,0.1,0
0.0410365,-0.176529,0.985004,0.172534,0.1,0
-0.931593,0.239192,-0.976618,0.214981,0.1,0
0.154282,0.0319381,0.856247,0.516566,0.1,0
-0.920252,0.286274,-0.947533,0.319659,0.1,0
0.161266,-0.0174025,0.483951,-0.875095,0.1,0
-0.898676,0.329936,-0.899912,0.436071,0.1,0
0.189015,0.178394,-0.401568,-0.915829,0.1,0
-0.880297,0.374389,-0.88347,0.468488,0.1,0
-0.156048,-0.115747,0.872221,0.489111,0.1,0
-0.861103,0.418501,-0.928368,0.371663,0.1,0
0.176031,-0.078447,0.997418,-0.0718109,0.1,0
-0.841532,0.462636,-0.849311,0.527893,0.1,0
-0.103151,0.103144,-0.849208,0.528058,0.1,0
-0.816904,0.504137,-0.891363,0.453289,0.1,0
-0.172151,0.0181682,-0.679299,-0.733861,0.1,0
-0.792386,0.545815,-0.803861,0.594817,0.1,0
-0.0519402,-0.130364,-0.882526,-0.470264,0.1,0
-0.762307,0.583671,-0.84736,0.531019,0.1,0
-0.0776435,0.177941,0.0204607,-0.999791,0.1,0
-0.732492,0.621638,-0.787631,0.616147,0.1,0
-0.117841,-0.135027,-0.350945,0.936396,0.1,0
-0.696297,0.653866,-0.963218,-0.26872,0.1,0
0.0324863,0.15608,-0.936312,0.351169,0.1,0
-0.662529,0.687989,-0.893954,0.448159,0.1,0
0.0778733,0.138389,-0.626408,0.779495,0.1,0
-0.628416,0.721892,-0.945439,0.325798,0.1,0
-0.0219668,-0.160019,0.185626,-0.98262,0.1,0
-0.596518,0.759129,-0.600904,0.799321,0.1,0
0.176115,-0.161883,-0.962722,0.270494,0.1,0
-0.558176,0.788924,-0.638877,0.769309,0.1,0
-0.18493,-0.0591705,0.832897,0.553429,0.1,0
-0.514696,0.811032,-0.800439,0.599415,0.1,0
-0.140637,-0.0671116,-0.846051,-0.533102,0.1,0
-0.473918,0.836965,-0.535892,0.844286,0.1,0
0.159732,-0.119972,-0.00771882,0.99997,0.1,0
-0.431704,0.860592,-0.526124,0.850408,0.1,0
0.0174721,-0.138349,0.944173,0.32945,0.1,0
-0.386261,0.87743,-0.485463,0.874257,0.1,0
0.122296,0.131202,0.993413,-0.114587,0.1,0
-0.342378,0.89754,-0.256398,0.966571,0.1,0
-0.0124549,0.158379,0.0283422,0.999598,0.1,0
-0.296682,0.913092,-0.276926,0.960891,0.1,0
-0.0867314,-0.102513,-0.821268,0.570542,0.1,0
-0.250275,0.926276,-0.276503,0.961013,0.1,0
-0.0704591,0.133519,0.961548,0.274637,0.1,0
-0.203866,0.939742,-0.183193,0.983077,0.1,0
-0.138798,-0.0120411,-0.792805,-0.609476,0.1,0
-0.15672,0.950786,-0.16876,0.985657,0.1,0
0.137451,-0.0552831,0.352998,-0.935624,0.1,0
-0.107908,0.950044,-0.343804,0.939041,0.1,0
0.232464,0.166683,-0.580261,-0.81443,0.1,0
-0.0601355,0.955827,-0.0215774,0.999767,0.1,0
0.120877,0.00244102,-0.423562,-0.905867,0.1,0
-0.012086,0.961725,0.0153164,0.999883,0.1,0
0.138773,0.074181,-0.423734,0.905787,0.1,0
0.0361042,0.957239,0.12475,0.992188,0.1,0
0.0762631,-0.148528,0.920809,0.390014,0.1,0
0.0841124,0.95374,0.131288,0.991344,0.1,0
0.163446,0.107282,0.259067,-0.965859,0.1,0
0.131603,0.945987,0.0688343,0.997628,0.1,0
-0.135831,0.0634037,0.363973,0.93141,0.1,0
0.180713,0.947329,0.286058,0.958212,0.1,0
-0.11301,0.0246193,-0.907342,-0.420393,0.1,0
0.228402,0.938368,0.220417,0.975406,0.1,0
0.120042,-0.15894,-0.913097,0.407743,0.1,0
0.273366,0.919331,0.0749033,0.997191,0.1,0
0.0981807,0.0936035,-0.194234,0.980955,0.1,0
0.319527,0.905328,0.359547,0.933127,0.1,0
0.10048,0.0425526,-0.858935,-0.512084,0.1,0
0.365467,0.890216,0.330093,0.943948,0.1,0
0.126672,-0.098973,0.17787,-0.984054,0.1,0
0.408208,0.867485,0.373621,0.927581,0.1,0
-0.0955722,-0.0245523,-0.38399,-0.923337,0.1,0
0.451618,0.846517,0.459177,0.888345,0.1,0
-0.0549784,0.0912653,0.96363,-0.267239,0.1,0
0.494433,0.824177,0.530811,0.84749,0.1,0
-0.0449664,-0.085759,0.0996327,-0.995024,0.1,0
0.534155,0.796707,0.630662,0.776058,0.1,0
-0.0290813,0.116563,0.977647,-0.210255,0.1,0
0.572557,0.767585,0.615636,0.78803,0.1,0
-0.000697983,-0.0971806,-0.362263,-0.932076,0.1,0
0.61184,0.739587,0.718989,0.695022,0.1,0
0.0412679,0.112216,0.465063,-0.885278,0.1,0
0.65185,0.711869,0.640536,0.767928,0.1,0
0.145009,0.187799,-0.159185,-0.987249,0.1,0
0.684403,0.675856,0.486443,0.873712,0.1,0
0.0417028,-0.0821084,-0.888535,-0.458808,0.1,0
0.718531,0.641539,0.626145,0.779706,0.1,0
-0.0137323,0.0742614,0.998518,-0.0544276,0.1,0
0.751115,0.605641,0.71971,0.694275,0.1,0
-0.0783638,0.0528189,0.628909,0.777479,0.1,0
0.776236,0.563968,0.743906,0.668284,0.1,0
-0.0540884,-0.0419906,0.709644,-0.70456,0.1,0
0.801684,0.52301,0.784149,0.620573,0.1,0
0.0892717,-0.073948,-0.637363,-0.770563,0.1,0
0.83308,0.485643,0.916189,0.400746,0.1,0
0.0624735,0.0666471,-0.897276,0.44147,0.1,0
0.85179,0.440772,0.901567,0.43264,0.1,0
0.0759702,0.00533434,-0.984226,0.176914,0.1,0
0.871054,0.396595,0.806514,0.591215,0.1,0
0.0970846,-0.0353944,-0.192973,-0.981204,0.1,0
0.890959,0.352756,0.749232,0.662308,0.1,0
0.0521774,-0.0325056,-0.846508,-0.532377,0.1,0
0.909368,0.308158,0.915494,0.402331,0.1,0
0.0367338,0.0273686,-0.840479,0.541845,0.1,0
0.924438,0.262287,0.948448,0.316933,0.1,0
-0.0106433,-0.0537177,0.906491,-0.422225,0.1,0
0.934616,0.215086,0.969369,0.24561,0.1,0
-0.0665212,0.00940518,-0.977449,0.211172,0.1,0
0.943346,0.167696,0.985715,0.168424,0.1,0
-0.0370965,0.0358022,0.732767,0.68048,0.1,0
0.953495,0.120454,0.988269,0.152725,0.1,0
-0.0251436,-0.00758132,0.964842,0.262832,0.1,0
0.958536,0.0724092,0.981557,0.191169,0.1,0
0.0128912,-0.0105604,-0.0687051,0.997637,0.1,0
0.961465,0.0241693,0.986902,0.161319,0.1,0
0.923441,0.0359726,0.691119,0.722741,0.1,0
0.918142,0.0981771,0.912904,0.408173,0.1,0
0.910376,0.135954,0.00962035,-0.999954,0.1,0
0.906145,0.185582,0.923129,0.38449,0.1,0
0.888323,0.22931,-0.893611,-0.448843,0.1,0
0.881495,0.268343,0.93816,-0.346202,0.1,0
0.867523,0.313915,0.670972,0.741483,0.1,0
0.851188,0.352196,-0.999998,0.00199077,0.1,0
0.824882,0.406527,-0.991473,-0.130311,0.1,0
0.80997,0.452872,0.537462,-0.843288,0.1,0
0.787929,0.47859,0.999896,0.0144089,0.1,0
0.761758,0.51669,0.944501,-0.328507,0.1,0
0.734656,0.563497,0.790189,0.612863,0.1,0
0.712671,0.595353,0.315127,0.94905,0.1,0
0.679551,0.629901,-0.993155,-0.116801,0.1,0
0.649437,0.653783,-0.94707,0.321027,0.1,0
0.617906,0.690996,0.957309,-0.289065,0.1,0
0.565939,0.725175,0.940774,0.339034,0.1,0
0.530438,0.755754,0.871729,0.489989,0.1,0
0.487606,0.783647,-0.947224,0.320572,0.1,0
0.454373,0.804931,0.395381,0.918517,0.1,0
0.415908,0.820237,0.766638,-0.642079,0.1,0
0.374119,0.845009,0.491015,0.871151,0.1,0
0.335381,0.864213,-0.865652,0.500647,0.1,0
0.2818,0.8733,-0.93933,-0.343016,0.1,0
0.234576,0.898649,-0.402734,-0.915317,0.1,0
0.197725,0.90542,0.981393,0.192011,0.1,0
0.160497,0.912758,-0.605849,0.79558,0.1,0
0.0984015,0.915659,-0.772624,0.634863,0.1,0
0.050459,0.920069,-0.0729136,0.997338,0.1,0
0.00853407,0.920101,-0.210651,0.977561,0.1,0
-0.0280894,0.923783,-0.994202,-0.10753,0.1,0
-0.0828531,0.917634,-0.963789,-0.266667,0.1,0
-0.134085,0.912124,0.601993,0.798502,0.1,0
-0.21674,0.902211,0.377529,0.925998,0.1,0
-0.252222,0.881375,0.749303,0.662227,0.1,0
-0.295112,0.867799,0.455664,0.890152,0.1,0
-0.34815,0.855478,-0.336789,0.94158,0.1,0
-0.395227,0.834854,-0.192545,0.981288,0.1,0
-0.426492,0.821151,-0.677645,0.735389,0.1,0
-0.469909,0.797379,-0.201677,-0.979452,0.1,0
-0.522811,0.76525,0.235929,-0.97177,0.1,0
-0.552361,0.746898,-0.552481,-0.833526,0.1,0
-0.582988,0.717363,0.468493,-0.883467,0.1,0
-0.612964,0.685211,-0.201203,-0.97955,0.1,0
-0.653111,0.646396,-0.666696,-0.74533,0.1,0
-0.683874,0.613096,0.962174,-0.272434,0.1,0
-0.736964,0.552919,0.996572,-0.0827281,0.1,0
-0.76964,0.513178,0.945311,-0.326171,0.1,0
-0.786912,0.475784,0.993827,-0.110942,0.1,0
-0.819879,0.425871,-0.585298,0.810818,0.1,0
-0.837627,0.379916,-0.984361,0.176164,0.1,0
-0.857386,0.337309,-0.560059,-0.828452,0.1,0
-0.879629,0.288755,0.315838,0.948813,0.1,0
-0.887655,0.253422,-0.260679,0.965425,0.1,0
-0.899014,0.214978,-0.615905,0.78782,0.1,0
-0.903781,0.160412,-0.63178,-0.775148,0.1,0
-0.916404,0.118524,-0.814929,-0.579561,0.1,0
-0.924627,0.0808559,-0.596848,0.802355,0.1,0
-0.921308,0.031065,-0.0680871,-0.997679,0.1,0
-0.923964,-0.015173,0.00889423,-0.99996,0.1,0
-0.914363,-0.0816312,0.538802,-0.842433,0.1,0
-0.914472,-0.119635,0.883525,0.468384,0.1,0
-0.901302,-0.15377,0.999136,-0.0415663,0.1,0
-0.90129,-0.200348,-0.320033,0.947406,0.1,0
-0.890061,-0.254015,-0.313673,0.949531,0.1,0
-0.876149,-0.296477,-0.910999,0.412409,0.1,0
-0.860488,-0.338581,-0.728259,-0.685302,0.1,0
-0.8398,-0.387681,-0.0871028,-0.996199,0.1,0
-0.818047,-0.43144,0.961673,0.274199,0.1,0
-0.797208,-0.459212,-0.331531,0.943444,0.1,0
-0.768179,-0.510081,0.99983,0.0184291,0.1,0
-0.750842,-0.542253,-0.998094,0.0617101,0.1,0
-0.72507,-0.574228,0.960782,0.277305,0.1,0
-0.683097,-0.619967,0.342534,-0.939505,0.1,0
-0.664282,-0.646474,0.997283,0.0736701,0.1,0
-0.62453,-0.675728,-0.653881,0.756597,0.1,0
-0.58723,-0.71618,-0.630961,-0.775814,0.1,0
-0.551068,-0.736832,0.361837,-0.932241,0.1,0
-0.517951,-0.76602,-0.49511,-0.86883,0.1,0
-0.468929,-0.795087,-0.756473,-0.654024,0.1,0
-0.432414,-0.819631,-0.989538,0.14427,0.1,0
-0.390888,-0.841273,-0.435458,-0.900209,0.1,0
-0.361056,-0.854876,0.924354,0.381536,0.1,0
-0.297418,-0.874892,0.812197,0.583383,0.1,0
-0.261704,-0.886173,-0.927297,0.374327,0.1,0
-0.223516,-0.896516,0.133373,-0.991066,0.1,0
-0.161379,-0.91187,0.958448,0.285268,0.1,0
-0.0834506,-0.918964,-0.995585,-0.0938661,0.1,0
-0.0375893,-0.918292,-0.943114,-0.33247,0.1,0
0.00827955,-0.922906,0.700697,-0.713459,0.1,0
0.0516789,-0.922488,-0.137171,-0.990547,0.1,0
0.0886254,-0.913917,-0.488775,0.87241,0.1,0
0.139168,-0.907517,0.0735954,0.997288,0.1,0
0.182623,-0.906978,-0.935141,0.354276,0.1,0
0.224903,-0.886471,-0.956885,0.290468,0.1,0
0.257659,-0.884828,0.4038,0.914847,0.1,0
0.320351,-0.867197,0.765849,0.64302,0.1,0
0.369339,-0.848115,-0.384973,-0.922928,0.1,0
0.405745,-0.830095,-0.14972,0.988728,0.1,0
0.441823,-0.803867,-0.142373,0.989813,0.1,0
0.478543,-0.785505,-0.95633,0.292288,0.1,0
0.532101,-0.749272,-0.671876,-0.740664,0.1,0
0.56938,-0.724787,0.273005,-0.962013,0.1,0
0.602114,-0.701479,0.952605,0.304209,0.1,0
0.633331,-0.673012,0.87399,0.485944,0.1,0
0.660185,-0.631319,0.889198,-0.457522,0.1,0
0.70974,-0.58978,-0.990974,0.134056,0.1,0
0.737557,-0.557772,-0.0936295,0.995607,0.1,0
0.762238,-0.524244,0.634152,-0.773208,0.1,0
0.789789,-0.471193,-0.810784,0.585346,0.1,0
0.807603,-0.442439,-0.973025,0.230701,0.1,0
0.828276,-0.404426,-0.337796,-0.941219,0.1,0
0.850456,-0.357338,0.960549,0.278111,0.1,0
0.861626,-0.322056,0.992044,-0.125891,0.1,0
0.884812,-0.274157,0.98458,0.174933,0.1,0
0.892705,-0.22484,0.544313,-0.838883,0.1,0
0.912048,-0.156123,-0.712356,-0.701818,0.1,0
0.918284,-0.110372,-0.436244,-0.899828,0.1,0
0.917083,-0.0537938,0.492868,-0.870104,0.1,0
0.922541,-0.0128566,-0.982861,0.184348,0.1,0
0.885271,0.0123614,0.0427189,-0.999087,0.1,0
0.8804,-0.0277295,-0.988015,0.154358,0.1,0
0.882819,-0.0826725,0.000494329,-1.0,0.1,0
0.877193,-0.12766,0.553955,-0.832547,0.1,0
0.876296,-0.182938,0.853282,0.52145,0.1,0
0.851951,-0.243414,0.154066,0.988061,0.1,0
0.840879,-0.282124,-0.770619,0.637296,0.1,0
0.817248,-0.32697,-0.966188,-0.25784,0.1,0
0.794678,-0.37449,-0.987755,-0.156011,0.1,0
0.779586,-0.407225,-0.975804,-0.218649,0.1,0
0.745244,-0.477576,-0.24129,0.970453,0.1,0
0.718153,-0.517171,-0.814219,0.580558,0.1,0
0.681748,-0.554546,-0.989434,0.144986,0.1,0
0.615555,-0.625565,-0.850494,0.525984,0.1,0
0.591206,-0.657821,0.172127,-0.985075,0.1,0
0.554596,-0.682285,-0.76503,0.643995,0.1,0
0.526262,-0.704652,-0.397239,0.917715,0.1,0
0.488112,-0.741534,-0.770138,-0.637878,0.1,0
0.431042,-0.760177,-0.646725,0.762724,0.1,0
0.401129,-0.785333,0.0275283,0.999621,0.1,0
0.369808,-0.803118,-0.410762,0.911743,0.1,0
0.331824,-0.823684,0.255169,0.966896,0.1,0
0.280764,-0.846212,-0.994828,0.10157,0.1,0
0.239642,-0.843953,-0.319471,0.947596,0.1,0
0.187506,-0.862243,-0.926126,-0.377215,0.1,0
0.10955,-0.874078,0.544887,0.838509,0.1,0
0.0614613,-0.878564,-0.929441,0.368971,0.1,0
0.0254355,-0.881305,-0.389777,0.920909,0.1,0
-0.010806,-0.882131,0.520439,0.853899,0.1,0
-0.0607315,-0.88012,-0.634211,0.77316,0.1,0
-0.120301,-0.893496,-0.97247,-0.233029,0.1,0
-0.18474,-0.87368,0.399759,-0.91662,0.1,0
-0.231726,-0.852613,-0.312618,0.949879,0.1,0
-0.266906,-0.841816,-0.664306,0.747461,0.1,0
-0.340408,-0.814893,0.878895,-0.477015,0.1,0
-0.393655,-0.796767,0.954949,-0.296769,0.1,0
-0.428631,-0.77506,0.742046,-0.670349,0.1,0
-0.475547,-0.750957,-0.823937,-0.566681,0.1,0
-0.508504,-0.722229,0.912105,0.409957,0.1,0
-0.549226,-0.692082,-0.833666,0.55227,0.1,0
-0.579669,-0.672192,-0.390315,0.920682,0.1,0
-0.622002,-0.631067,-0.269444,0.963016,0.1,0
-0.680085,-0.575369,0.935753,0.352656,0.1,0
-0.706673,-0.533643,-0.392596,0.919711,0.1,0
-0.729433,-0.487194,-0.00734188,0.999973,0.1,0
-0.760927,-0.432591,-0.966837,-0.255395,0.1,0
-0.793762,-0.393555,0.440608,-0.897699,0.1,0
-0.816825,-0.34947,0.357859,-0.933776,0.1,0
-0.831818,-0.304211,0.0924314,0.995719,0.1,0
-0.846056,-0.263426,0.755144,0.655559,0.1,0
-0.857367,-0.190562,-0.451713,0.892163,0.1,0
-0.869552,-0.122312,0.929224,0.369517,0.1,0
-0.889731,-0.0443813,-0.194741,-0.980855,0.1,0
-0.882045,0.00907882,0.851438,0.524455,0.1,0
-0.885787,0.05813,0.978992,0.203899,0.1,0
-0.878932,0.0936073,0.908439,-0.418016,0.1,0
-0.871451,0.12911,0.921746,-0.387795,0.1,0
-0.866144,0.184245,0.195249,0.980754,0.1,0
-0.855073,0.222382,0.464811,0.88541,0.1,0
-0.843671,0.2617,0.992923,-0.118756,0.1,0
-0.835877,0.297783,0.916765,-0.399427,0.1,0
-0.812943,0.342291,0.127321,-0.991862,0.1,0
-0.793845,0.389167,-0.724852,0.688904,0.1,0
-0.775701,0.432203,0.279613,0.960113,0.1,0
-0.742288,0.477444,0.353757,0.935338,0.1,0
-0.693479,0.541338,0.798031,0.602616,0.1,0
-0.621727,0.614146,0.725007,-0.688741,0.1,0
-0.569704,0.674368,0.999999,0.00163709,0.1,0
-0.540656,0.703447,0.515373,-0.856966,0.1,0
-0.479685,0.753454,-0.822669,-0.568521,0.1,0
-0.4306,0.776338,-0.6607,-0.75065,0.1,0
-0.39447,0.78986,0.534002,-0.845483,0.1,0
-0.357012,0.81136,-0.954557,-0.298028,0.1,0
-0.313721,0.826827,0.997217,0.0745576,0.1,0
-0.262166,0.837488,-0.341123,-0.940019,0.1,0
-0.212558,0.857406,0.779779,0.626055,0.1,0
-0.105231,0.877592,-0.950149,-0.311796,0.1,0
-0.0518703,0.88558,-0.96034,-0.278832,0.1,0
-0.0140753,0.881193,0.530485,0.847694,0.1,0
0.0292355,0.880389,-0.949525,-0.313692,0.1,0
0.0708171,0.880105,-0.912914,0.408153,0.1,0
0.127716,0.881929,0.990989,0.133946,0.1,0
0.180835,0.86371,0.899408,-0.437111,0.1,0
0.240936,0.854455,-0.243825,-0.969819,0.1,0
0.302518,0.833473,0.787972,-0.615711,0.1,0
0.336978,0.819602,-0.336295,0.941757,0.1,0
0.375538,0.800356,0.339934,-0.940449,0.1,0
0.42017,0.775687,0.418484,-0.908224,0.1,0
0.454917,0.752722,-0.203076,-0.979163,0.1,0
0.488646,0.739066,-0.547631,-0.83672,0.1,0
0.523028,0.711623,-0.576011,-0.817442,0.1,0
0.574034,0.680981,-0.882508,0.470298,0.1,0
0.607718,0.636914,-0.903464,-0.428664,0.1,0
0.638967,0.61046,-0.0529171,-0.998599,0.1,0
0.668548,0.586512,0.360814,-0.932638,0.1,0
0.690182,0.556637,-0.944553,0.32836,0.1,0
0.740109,0.47724,0.257579,-0.966257,0.1,0
0.767107,0.439169,0.453362,-0.891326,0.1,0
0.790538,0.377449,-0.434711,-0.90057,0.1,0
0.822691,0.317793,-0.756483,-0.654013,0.1,0
0.838064,0.280122,-0.974243,0.2255,0.1,0
0.845174,0.242086,-0.873964,0.48599,0.1,0
0.861809,0.193289,-0.473634,-0.880722,0.1,0
0.871,0.157737,-0.742492,0.669855,0.1,0
0.874565,0.109401,-0.838088,0.545535,0.1,0
0.888594,0.0644448,0.987499,-0.157624,0.1,0
-0.176407,0.902863,-0.81398,-0.580894,0.1,0
-0.16789,0.858676,0.996009,-0.08925,0.1,0
0.845031,0.075726,0.808093,-0.589056,0.1,0
0.835199,0.131204,-0.639038,0.769175,0.1,0
0.818686,0.20615,-0.99852,-0.0543933,0.1,0
0.80174,0.253853,-0.975287,0.220942,0.1,0
0.780582,0.333663,0.82214,0.569285,0.1,0
0.750314,0.397623,0.727027,-0.686609,0.1,0
0.722207,0.436175,-0.0283228,-0.999599,0.1,0
0.717133,0.515933,-0.977968,0.208757,0.1,0
0.627849,0.567313,0.889321,-0.457284,0.1,0
0.562724,0.637634,-0.534839,0.844954,0.1,0
0.531094,0.667523,0.990667,-0.136301,0.1,0
0.481205,0.695014,-0.942562,-0.334031,0.1,0
0.441054,0.70991,-0.999985,0.00547443,0.1,0
0.379733,0.755942,0.511922,-0.859032,0.1,0
0.338483,0.774822,0.981574,-0.191084,0.1,0
0.304222,0.788747,-0.84667,-0.532118,0.1,0
0.205677,0.826493,0.477375,-0.878699,0.1,0
0.143003,0.839343,0.769196,-0.639012,0.1,0
0.100326,0.846225,0.957916,-0.287048,0.1,0
0.049571,0.840436,-0.939926,-0.341379,0.1,0
0.00671836,0.841427,-0.0947276,-0.995503,0.1,0
-0.0379715,0.843062,-0.806445,-0.591309,0.1,0
-0.28073,0.796495,-0.761177,-0.648545,0.1,0
-0.322803,0.782753,-0.171188,-0.985238,0.1,0
-0.356293,0.766365,0.983789,0.179328,0.1,0
-0.39848,0.745039,-0.6133,-0.78985,0.1,0
-0.440337,0.732404,-0.999116,-0.0420456,0.1,0
-0.527356,0.660458,0.966743,-0.255751,0.1,0
-0.579966,0.630554,-0.727985,-0.685593,0.1,0
-0.65355,0.562089,0.609166,0.793043,0.1,0
-0.730967,0.433891,0.404974,0.914328,0.1,0
-0.749468,0.39564,0.242833,-0.970068,0.1,0
-0.769019,0.351635,-0.485404,-0.87429,0.1,0
-0.791462,0.302749,0.00761483,-0.999971,0.1,0
-0.811234,0.23051,0.905794,-0.423718,0.1,0
-0.821971,0.191899,0.737576,0.675265,0.1,0
-0.833582,0.153185,-0.0876604,-0.99615,0.1,0
-0.835216,0.102427,0.482342,-0.875983,0.1,0
-0.846456,0.036266,0.88741,-0.460981,0.1,0
-0.859692,-0.0778875,0.689272,-0.724503,0.1,0
-0.826385,-0.223199,0.017486,0.999847,0.1,0
-0.801755,-0.271327,0.999055,0.0434611,0.1,0
-0.788152,-0.315088,0.800735,0.599018,0.1,0
-0.772079,-0.354243,-0.886812,0.462131,0.1,0
-0.73796,-0.393893,0.882531,-0.470254,0.1,0
-0.685033,-0.494515,-0.324043,0.946042,0.1,0
-0.661681,-0.534472,0.411946,-0.911208,0.1,0
-0.637183,-0.588951,0.975091,-0.221806,0.1,0
-0.541685,-0.648063,-0.415106,0.909773,0.1,0
-0.506604,-0.677646,-0.986227,-0.165395,0.1,0
-0.466121,-0.707106,0.462978,-0.88637,0.1,0
-0.435355,-0.73072,-0.824287,0.566173,0.1,0
-0.389949,-0.752067,0.959438,0.28192,0.1,0
-0.355587,-0.772771,0.997332,-0.0729988,0.1,0
-0.236976,-0.808212,-0.524574,0.851365,0.1,0
-0.19294,-0.829794,-0.988905,-0.14855,0.1,0
-0.14371,-0.855201,0.742477,0.669872,0.1,0
-0.0976301,-0.854625,0.964613,0.263669,0.1,0
-0.0341084,-0.84384,0.744067,0.668105,0.1,0
0.00674113,-0.840693,-0.319827,0.947476,0.1,0
0.0824009,-0.838732,0.5618,0.827273,0.1,0
0.145439,-0.84693,0.015874,-0.999874,0.1,0
0.202016,-0.819647,-0.841531,0.540209,0.1,0
0.260971,-0.80433,0.418365,0.908279,0.1,0
0.302273,-0.789746,-0.726276,0.687403,0.1,0
0.365393,-0.758335,-0.960459,0.27842,0.1,0
0.449425,-0.719103,-0.861524,0.507717,0.1,0
0.482274,-0.696914,-0.579111,-0.815248,0.1,0
0.515151,-0.661046,-0.766436,0.642321,0.1,0
0.551264,-0.637408,0.526804,0.849987,0.1,0
0.642963,-0.589875,-0.301684,0.953408,0.1,0
0.700427,-0.475809,0.165039,0.986287,0.1,0
0.717579,-0.442085,-0.982331,0.18715,0.1,0
0.75001,-0.373309,-0.89662,-0.442801,0.1,0
0.773171,-0.334963,-0.94686,-0.321647,0.1,0
0.79655,-0.287012,-0.615687,0.787991,0.1,0
0.808026,-0.251372,-0.408037,0.912966,0.1,0
0.841354,-0.154582,-0.902759,-0.430146,0.1,0
0.841609,-0.100114,0.859788,-0.510651,0.1,0
0.838882,-0.0103717,-0.939203,-0.343361,0.1,0
0.844933,0.0323077,0.114467,-0.993427,0.1,0
0.805717,0.0543787,-0.999776,-0.0211622,0.1,0
0.823539,-0.0526753,-0.890471,-0.45504,0.1,0
0.805787,-0.127014,-0.471342,-0.88195,0.1,0
0.823431,-0.209091,0.951,-0.30919,0.1,0
0.763594,-0.256371,-0.681307,-0.731998,0.1,0
0.737894,-0.307024,-0.999688,0.0249613,0.1,0
0.71239,-0.397385,-0.975777,-0.218769,0.1,0
0.656855,-0.487055,0.910452,0.413615,0.1,0
0.638081,-0.545141,-0.623249,-0.782023,0.1,0
0.577967,-0.601188,0.418194,0.908358,0.1,0
0.512002,-0.616156,0.9039,0.427743,0.1,0
0.470935,-0.653366,-0.870238,-0.492631,0.1,0
0.441854,-0.674745,-0.853886,-0.520461,0.1,0
0.382857,-0.716861,0.0495225,-0.998773,0.1,0
0.276751,-0.752684,0.800517,0.599309,0.1,0
0.207156,-0.774942,0.635912,-0.771761,0.1,0
0.160053,-0.804369,-0.502258,-0.864718,0.1,0
0.113797,-0.806494,-0.934449,-0.356098,0.1,0
0.0127455,-0.796095,-0.966281,0.257491,0.1,0
-0.0437707,-0.79989,-0.968153,0.250361,0.1,0
-0.120963,-0.816373,-0.306568,0.951849,0.1,0
-0.198202,-0.785375,-0.991848,0.127429,0.1,0
-0.311342,-0.780979,0.893535,-0.448994,0.1,0
-0.351836,-0.728141,-0.770922,0.636929,0.1,0
-0.396587,-0.707871,0.41009,0.912045,0.1,0
-0.425908,-0.686909,0.867982,-0.496596,0.1,0
-0.464211,-0.662555,0.647124,0.762385,0.1,0
-0.576932,-0.620088,-0.315813,0.948821,0.1,0
-0.609794,-0.553247,0.895005,-0.446056,0.1,0
-0.640043,-0.495483,0.9765,-0.215518,0.1,0
-0.70424,-0.423692,0.995854,0.0909668,0.1,0
-0.727242,-0.350423,0.617875,0.786277,0.1,0
-0.743254,-0.318113,0.958663,-0.284544,0.1,0
-0.762389,-0.249524,0.0660342,-0.997817,0.1,0
-0.814795,-0.0748432,-0.857127,-0.515105,0.1,0
-0.835081,-0.00727259,0.639553,0.768747,0.1,0
-0.811612,0.0641147,0.19946,-0.979906,0.1,0
-0.797373,0.126466,-0.423575,-0.905861,0.1,0
-0.779251,0.177757,-0.0280334,0.999607,0.1,0
-0.777405,0.260001,-0.999101,-0.0423823,0.1,0
-0.737556,0.319462,-0.120813,-0.992675,0.1,0
-0.724788,0.358012,-0.986305,-0.16493,0.1,0
-0.704788,0.39729,0.402047,0.915619,0.1,0
-0.63964,0.519293,-0.873377,0.487044,0.1,0
-0.586719,0.586064,-0.733459,-0.679733,0.1,0
-0.49021,0.685858,0.35251,-0.935808,0.1,0
-0.447021,0.687904,-0.996598,0.0824181,0.1,0
-0.408181,0.701097,-0.784125,-0.620603,0.1,0
-0.360298,0.721544,1.0,-0.000584399,0.1,0
-0.315251,0.738391,0.978096,-0.208154,0.1,0
-0.0827707,0.838816,-0.119329,-0.992855,0.1,0
-0.0172167,0.803321,-0.726183,-0.687502,0.1,0
0.0269979,0.801507,-0.71492,-0.699207,0.1,0
0.0787554,0.806732,0.997935,-0.0642285,0.1,0
0.115201,0.803959,-0.121245,0.992623,0.1,0
0.247583,0.810096,-0.986224,0.165416,0.1,0
0.294717,0.744762,-0.946309,-0.323265,0.1,0
0.342666,0.730428,0.882374,-0.470549,0.1,0
0.396283,0.714443,0.336685,-0.941617,0.1,0
0.474764,0.650477,-0.864412,0.502783,0.1,0
0.577516,0.595134,-0.768115,0.640312,0.1,0
0.672135,0.515556,-0.818088,0.575094,0.1,0
0.695767,0.472588,-0.978823,0.204707,0.1,0
0.737229,0.354567,0.655473,-0.755219,0.1,0
0.757002,0.249003,-0.988092,0.153861,0.1,0
0.804117,0.163745,0.761175,0.648547,0.1,0
0.805737,0.0976584,0.243444,0.969915,0.1,0
-0.189481,0.819194,0.987281,-0.158985,0.1,0
-0.228506,0.807622,0.142005,-0.989866,0.1,0
-0.690463,0.49644,0.0959518,0.995386,0.1,0
-0.813917,-0.178852,0.0264506,0.99965,0.1,0
-0.771725,-0.163207,-0.978345,-0.206981,0.1,0
-0.689825,0.451444,-0.269573,0.96298,0.1,0
-0.247349,0.766757,-0.620675,-0.784068,0.1,0
-0.197829,0.774975,-0.843236,-0.537543,0.1,0
0.774619,0.130164,0.713623,0.70053,0.1,0
0.770748,0.193936,-0.624443,0.78107,0.1,0
0.706664,0.387595,-0.936109,0.35171,0.1,0
0.650897,0.476,-0.282329,-0.959318,0.1,0
0.627684,0.522565,1.0,0.000566439,0.1,0
0.532622,0.592045,-0.999981,-0.00612552,0.1,0
0.429776,0.651497,0.592214,0.805781,0.1,0
0.359299,0.688808,0.726849,0.686797,0.1,0
0.307901,0.701854,-0.415806,-0.909453,0.1,0
0.255387,0.722897,-0.871761,-0.489931,0.1,0
0.25387,0.765537,-0.991748,-0.128203,0.1,0
0.153524,0.780372,0.509841,-0.860269,0.1,0
0.0875858,0.762607,-0.195598,-0.980684,0.1,0
0.00311949,0.763365,-0.86746,-0.497508,0.1,0
-0.0620394,0.799331,-0.462622,-0.886556,0.1,0
-0.324815,0.694419,0.957237,0.289304,0.1,0
-0.3701,0.677624,-0.690003,-0.723806,0.1,0
-0.415201,0.656648,-0.912861,-0.40827,0.1,0
-0.4671,0.647632,0.787333,0.616527,0.1,0
-0.542703,0.595421,-0.935713,0.352762,0.1,0
-0.596226,0.531134,-0.999276,0.0380352,0.1,0
-0.672446,0.366001,0.746419,-0.665477,0.1,0
-0.734965,0.274536,-0.656506,0.754321,0.1,0
-0.760314,0.218372,0.4803,0.877104,0.1,0
-0.754689,0.140052,0.0249299,-0.999689,0.1,0
-0.773788,0.0881418,-0.80784,-0.589401,0.1,0
-0.798326,-0.0332354,0.71747,-0.69659,0.1,0
-0.79461,-0.115062,-0.728284,0.685275,0.1,0
-0.724098,-0.273161,-0.887289,-0.461215,0.1,0
-0.693555,-0.380259,-0.891842,-0.452347,0.1,0
-0.669601,-0.452417,-0.9861,0.166151,0.1,0
-0.597484,-0.510102,0.583259,-0.812286,0.1,0
-0.569364,-0.533486,0.998625,0.0524297,0.1,0
-0.534961,-0.603857,-0.252445,0.967611,0.1,0
-0.424046,-0.642261,0.742505,-0.66984,0.1,0
-0.38696,-0.664369,0.959958,-0.280143,0.1,0
-0.307581,-0.736291,0.908344,-0.418225,0.1,0
-0.266739,-0.775009,0.192713,-0.981255,0.1,0
-0.153202,-0.785508,0.992154,-0.125021,0.1,0
-0.111325,-0.772418,0.879155,-0.476537,0.1,0
-0.0175737,-0.763301,-0.996325,0.0856564,0.1,0
0.0573803,-0.801816,-0.37941,0.925229,0.1,0
0.104074,-0.762557,0.783932,-0.620847,0.1,0
0.164929,-0.759634,0.40926,-0.912418,0.1,0
0.234275,-0.739032,0.962307,-0.271965,0.1,0
0.26072,-0.710636,-0.803874,-0.5948,0.1,0
0.39695,-0.674125,-0.778326,0.627861,0.1,0
0.415981,-0.637926,-0.469769,0.882789,0.1,0
0.468087,-0.608456,0.993758,-0.111554,0.1,0
0.53863,-0.57988,0.762178,0.647367,0.1,0
0.595806,-0.559875,-0.644028,0.765002,0.1,0
0.616232,-0.505801,0.368212,-0.929742,0.1,0
0.639388,-0.445584,0.425091,-0.90515,0.1,0
0.667393,-0.396837,-0.244815,0.96957,0.1,0
0.719726,-0.265854,-0.565137,-0.824997,0.1,0
0.74148,-0.217179,0.330691,0.943739,0.1,0
0.799183,-0.171183,-0.976461,-0.215693,0.1,0
0.780199,-0.0405662,-0.291466,-0.956581,0.1,0
0.766346,0.0761715,-0.0399707,-0.999201,0.1,0
0.798788,0.01006,0.81644,0.57743,0.1,0
0.338446,-0.722295,0.997954,0.0639304,0.1,0
-0.49801,-0.633475,-0.455309,0.890333,0.1,0
0.677432,0.431676,-0.954692,-0.297596,0.1,0
-0.144829,0.820034,0.984267,0.176688,0.1,0
-0.151438,0.775522,0.0649863,-0.997886,0.1,0
0.632566,0.43514,-0.248713,-0.968577,0.1,0
-0.457909,-0.613055,0.0143072,0.999898,0.1,0
0.352489,-0.679543,0.419414,-0.907795,0.1,0
0.759472,0.0319517,-0.525643,-0.850705,0.1,0
0.735227,0.108677,-0.84796,0.530061,0.1,0
0.745697,-0.0116768,-0.896877,-0.44228,0.1,0
0.763991,-0.143137,-0.934969,-0.354728,0.1,0
0.742482,-0.17219,0.594784,0.803885,0.1,0
0.678956,-0.284903,-0.859059,-0.511877,0.1,0
0.663441,-0.352011,-0.127144,0.991884,0.1,0
0.595477,-0.435741,0.999528,-0.0307346,0.1,0
0.576578,-0.527074,-0.622976,-0.782241,0.1,0
0.495363,-0.567511,-0.245927,0.969288,0.1,0
0.375809,-0.617647,-0.996585,-0.0825675,0.1,0
0.265868,-0.665932,0.90933,0.416076,0.1,0
0.218049,-0.697059,0.506548,0.862212,0.1,0
0.192294,-0.723911,-0.975317,-0.220808,0.1,0
0.0701193,-0.733026,-0.994084,-0.108611,0.1,0
-0.00974109,-0.718988,-0.911272,-0.411805,0.1,0
-0.0675517,-0.761982,0.967487,0.252923,0.1,0
-0.143485,-0.74157,-0.221633,-0.97513,0.1,0
-0.228131,-0.751892,-0.522085,0.852893,0.1,0
-0.26299,-0.730237,0.193129,-0.981173,0.1,0
-0.348385,-0.641196,0.53732,-0.843379,0.1,0
-0.385124,-0.619677,-0.812035,0.583608,0.1,0
-0.492942,-0.587751,0.0162046,0.999869,0.1,0
-0.536941,-0.502282,-0.929062,-0.369925,0.1,0
-0.605144,-0.465758,0.790249,0.612786,0.1,0
-0.631736,-0.428103,-0.999886,0.0151277,0.1,0
-0.652426,-0.398518,0.466154,-0.884704,0.1,0
-0.69927,-0.310692,-0.0946029,0.995515,0.1,0
-0.750214,-0.122406,-0.398748,-0.917061,0.1,0
-0.770529,-0.0686236,-0.717744,-0.696307,0.1,0
-0.73447,0.0662531,-0.757822,0.652461,0.1,0
-0.728851,0.103209,-0.450694,-0.892679,0.1,0
-0.734522,0.181498,0.248969,-0.968511,0.1,0
-0.690799,0.265914,0.791998,0.610524,0.1,0
-0.63428,0.389842,-0.250079,-0.968225,0.1,0
-0.551642,0.537239,-0.565183,0.824965,0.1,0
-0.498253,0.602436,0.368939,-0.929453,0.1,0
-0.377106,0.632694,0.986783,-0.162046,0.1,0
-0.280544,0.702484,0.937341,-0.348413,0.1,0
-0.102386,0.779402,0.49844,-0.866924,0.1,0
-0.0339089,0.737794,-0.855076,-0.518503,0.1,0
0.0450598,0.747891,-0.304526,-0.952504,0.1,0
0.198218,0.775138,0.454577,-0.890707,0.1,0
0.212489,0.709304,-0.822775,-0.568367,0.1,0
0.268488,0.680138,-0.946444,-0.322869,0.1,0
0.329033,0.655507,0.722659,-0.691205,0.1,0
0.44932,0.610963,0.817016,-0.576615,0.1,0
0.550335,0.550677,-0.310334,0.950628,0.1,0
0.588917,0.545415,-0.48325,-0.875482,0.1,0
0.606048,0.479683,0.979109,0.203337,0.1,0
0.661665,0.387822,0.111294,-0.993787,0.1,0
0.730173,0.213395,-0.500202,0.865909,0.1,0
0.733168,0.147682,0.560676,0.828035,0.1,0
-0.177857,0.73465,-0.000111567,-1.0,0.1,0
-0.663633,0.414852,-0.279572,-0.960125,0.1,0
-0.779726,-0.20749,-0.902376,-0.43095,0.1,0
-0.651272,0.474324,0.898,0.439996,0.1,0
0.695617,0.337436,0.508841,-0.860861,0.1,0
-0.696199,0.301725,0.994778,-0.102058,0.1,0
-0.794107,0.0113333,-0.367146,0.930163,0.1,0
-0.722633,-0.228442,-0.825481,0.56443,0.1,0
-0.322285,-0.694204,-0.333312,0.942817,0.1,0
0.040138,-0.760393,-0.0729327,0.997337,0.1,0
0.710472,-0.352426,-0.84277,0.538274,0.1,0
0.79115,-0.0839152,-0.994311,0.106514,0.1,0
0.747931,-0.0713804,-0.901572,-0.432628,0.1,0
-0.27774,-0.68782,0.475536,0.879696,0.1,0
-0.722286,-0.183444,-0.523923,0.851766,0.1,0
-0.749468,0.0170202,0.986196,-0.165582,0.1,0
-0.652888,0.289512,0.882801,0.469746,0.1,0
0.694869,0.292443,-0.885562,-0.464522,0.1,0
-0.607048,0.482646,0.598437,0.80117,0.1,0
-0.622501,0.433106,0.98899,0.147983,0.1,0
-0.133839,0.725302,0.644966,0.764212,0.1,0
0.701232,0.179385,0.38853,0.921436,0.1,0
0.616973,0.393079,-0.999982,-0.00603464,0.1,0
0.569163,0.505461,0.0250933,-0.999685,0.1,0
0.532184,0.5095,-0.983084,0.183155,0.1,0
0.404976,0.60331,0.999807,0.019658,0.1,0
0.310737,0.614394,-0.998839,0.0481676,0.1,0
0.247952,0.640097,-0.623708,0.781658,0.1,0
0.183357,0.675006,0.955082,0.29634,0.1,0
0.171131,0.739203,0.569126,-0.82225,0.1,0
0.0102967,0.719316,-0.99768,-0.0680784,0.1,0
-0.0730851,0.715653,0.502531,0.864559,0.1,0
-0.236656,0.712426,0.420748,-0.907177,0.1,0
-0.374699,0.587759,-0.940818,-0.338912,0.1,0
-0.460296,0.578265,-0.92427,-0.381738,0.1,0
-0.515299,0.510703,0.420569,-0.90726,0.1,0
-0.59042,0.379778,-0.555855,0.831279,0.1,0
-0.661552,0.231714,0.983286,0.182066,0.1,0
-0.71005,0.143733,0.860413,0.509597,0.1,0
-0.728029,-0.0834162,0.656101,-0.754673,0.1,0
-0.656915,-0.325894,0.119126,-0.992879,0.1,0
-0.608189,-0.390267,0.202833,0.979213,0.1,0
-0.586846,-0.424954,0.561694,0.827345,0.1,0
-0.511341,-0.53929,-0.497015,-0.867742,0.1,0
-0.346634,-0.596364,0.555079,-0.831797,0.1,0
-0.304927,-0.652874,-0.463568,0.886062,0.1,0
-0.224312,-0.707236,0.968864,-0.247595,0.1,0
-0.187348,-0.732873,-0.222396,0.974956,0.1,0
-0.112114,-0.709307,-0.334107,-0.942535,0.1,0
-0.0546592,-0.718869,0.397071,-0.917788,0.1,0
0.0786223,-0.688837,-0.462119,-0.886818,0.1,0
0.176078,-0.681934,-0.969884,-0.243569,0.1,0
0.223376,-0.652375,0.209183,0.977877,0.1,0
0.387183,-0.574108,0.439872,-0.89806,0.1,0
0.518763,-0.529074,0.421058,0.907034,0.1,0
0.572692,-0.482242,-0.722676,-0.691187,0.1,0
0.611477,-0.393681,0.969003,-0.247048,0.1,0
0.699562,-0.185715,0.781924,0.623373,0.1,0
0.701867,-0.0014826,-0.903993,-0.427547,0.1,0
0.693887,0.126454,-0.982669,0.185371,0.1,0
0.719534,0.0526863,-0.274824,-0.961495,0.1,0
0.308435,-0.688722,0.596663,-0.802492,0.1,0
-0.418945,-0.590543,-0.298695,0.954349,0.1,0
0.587732,0.439002,0.0507447,0.998712,0.1,0
0.697886,-0.226509,0.78112,0.62438,0.1,0
0.425565,-0.593958,-0.589903,-0.807474,0.1,0
0.147969,-0.717953,-0.85038,-0.526169,0.1,0
-0.684067,-0.252604,-0.419416,-0.907794,0.1,0
-0.753731,-0.0272082,-0.783429,0.621481,0.1,0
-0.715448,0.221843,-0.907258,0.420574,0.1,0
-0.435297,0.616385,-0.06821,-0.997671,0.1,0
-0.323607,0.649436,0.625418,-0.78029,0.1,0
0.0786484,0.718503,-0.175307,-0.984514,0.1,0
0.372642,0.645831,-0.663577,0.748108,0.1,0
0.48778,0.588277,-0.436102,0.899897,0.1,0
0.730969,0.310005,-0.987529,-0.157438,0.1,0
0.490848,0.543381,-0.641217,0.76736,0.1,0
0.354587,0.604612,-0.675187,0.737647,0.1,0
0.0866898,0.674227,0.941222,-0.337789,0.1,0
-0.333842,0.605615,0.0776816,-0.996978,0.1,0
-0.689793,0.184873,0.319495,0.947588,0.1,0
-0.711163,-0.0418004,0.702786,-0.711401,0.1,0
-0.649764,-0.281729,0.491959,-0.870618,0.1,0
0.13176,-0.675973,0.999681,-0.0252437,0.1,0
0.451643,-0.557285,-0.0782239,0.996936,0.1,0
0.658912,-0.204014,0.538337,-0.842729,0.1,0
0.542908,0.435023,-0.097202,0.995265,0.1,0
-0.380473,-0.567199,0.55789,0.829915,0.1,0
0.322835,-0.646088,-0.419504,-0.907754,0.1,0
0.685702,0.0823578,0.994602,-0.103759,0.1,0
0.662841,-0.0238876,-0.90332,-0.428967,0.1,0
0.658854,-0.166536,-0.628319,0.777956,0.1,0
0.618957,-0.349307,0.471449,0.881893,0.1,0
0.551393,-0.442601,-0.759894,0.650047,0.1,0
0.527914,-0.485014,0.999433,0.0336559,0.1,0
0.407222,-0.533817,-0.97479,0.223126,0.1,0
0.186227,-0.626979,0.477132,0.878832,0.1,0
-0.0318813,-0.680059,0.739935,-0.672678,0.1,0
-0.120355,-0.665068,0.256889,-0.966441,0.1,0
-0.157699,-0.699021,-0.625065,0.780573,0.1,0
-0.260359,-0.646651,0.331574,-0.943429,0.1,0
-0.467828,-0.550764,-0.709661,-0.704544,0.1,0
-0.551396,-0.397235,0.854509,0.519436,0.1,0
-0.616936,-0.346549,-0.670255,0.742131,0.1,0
-0.684415,0.106749,0.838982,-0.544159,0.1,0
-0.622733,0.208953,-0.135181,-0.990821,0.1,0
-0.553551,0.405578,0.479178,0.877718,0.1,0
-0.541563,0.474162,0.303377,-0.95287,0.1,0
-0.50038,0.557814,0.943704,0.330792,0.1,0
-0.403252,0.552978,-0.849303,0.527906,0.1,0
-0.202474,0.683159,0.987955,0.154744,0.1,0
-0.0468599,0.679084,0.86904,0.494742,0.1,0
0.00534377,0.67459,0.625643,-0.780109,0.1,0
0.128975,0.72346,0.0820434,-0.996629,0.1,0
0.207085,0.621258,0.999778,-0.0210546,0.1,0
0.268102,0.599998,-0.227703,0.973731,0.1,0
0.425846,0.563443,0.876927,-0.480624,0.1,0
0.608829,0.348823,0.808287,-0.588788,0.1,0
0.686148,0.221781,-0.925453,-0.378863,0.1,0
-0.164131,0.692024,-0.338156,0.94109,0.1,0
0.653485,0.310116,0.220532,-0.97538,0.1,0
-0.623674,0.255284,-0.600824,0.799381,0.1,0
-0.68356,-0.206364,0.994848,-0.101378,0.1,0
0.729265,-0.112327,-0.741363,0.671105,0.1,0
-0.279446,0.657497,0.17467,0.984627,0.1,0
-0.632931,0.344862,-0.876677,-0.481079,0.1,0
-0.538235,-0.4573,0.976699,0.214614,0.1,0
0.0362982,-0.703343,-0.614409,0.788988,0.1,0
0.343937,-0.58588,0.551232,-0.834352,0.1,0
0.473987,-0.527912,0.806796,0.590831,0.1,0
0.567174,-0.400757,0.815241,0.579122,0.1,0
0.527876,-0.378831,-0.494478,-0.86919,0.1,0
0.483328,-0.483892,0.998089,0.0617928,0.1,0
0.346038,-0.540929,0.292413,0.956292,0.1,0
0.0452135,-0.659235,0.711434,-0.702753,0.1,0
-0.498716,-0.478824,-0.688531,0.725207,0.1,0
-0.593368,0.32342,-0.93316,0.359462,0.1,0
-0.235866,0.64628,-0.607611,0.794235,0.1,0
0.703442,-0.0754737,-0.888642,-0.458601,0.1,0
-0.645296,-0.230046,0.934847,0.355052,0.1,0
-0.584877,0.232487,-0.822823,-0.568297,0.1,0
0.608906,0.303976,0.954937,0.296808,0.1,0
-0.134952,0.657766,-0.771549,0.636169,0.1,0
0.646015,0.242138,0.937358,0.348367,0.1,0
0.564241,0.342745,0.611011,-0.791622,0.1,0
0.416517,0.51942,0.735968,-0.677017,0.1,0
0.292477,0.562171,-0.234182,0.972193,0.1,0
0.168385,0.598295,-0.966518,0.256597,0.1,0
0.131256,0.678518,0.343538,0.939139,0.1,0
6.38789e-5,0.629901,0.128784,0.991673,0.1,0
-0.0916786,0.675049,0.357304,0.933988,0.1,0
-0.393465,0.509055,-0.323062,0.946378,0.1,0
-0.472094,0.522815,0.588743,0.80832,0.1,0
-0.508552,0.405251,-0.599304,0.800522,0.1,0
-0.613179,0.164978,0.977849,-0.209312,0.1,0
-0.660257,0.0687832,-0.105519,0.994417,0.1,0
-0.57348,-0.358235,0.892425,-0.451195,0.1,0
-0.5264,-0.359816,0.550742,0.834676,0.1,0
-0.423083,-0.54598,-0.702185,0.711994,0.1,0
-0.21841,-0.662937,0.895794,-0.44447,0.1,0
-0.16396,-0.654459,0.873259,-0.487256,0.1,0
-0.0837352,-0.638915,0.700507,-0.713646,0.1,0
-0.044949,-0.636998,0.300532,0.953772,0.1,0
0.206235,-0.586672,0.377416,0.926044,0.1,0
0.429294,-0.494601,-0.669678,0.742651,0.1,0
0.607895,-0.305688,0.839505,-0.543351,0.1,0
0.665886,-0.122089,0.449292,0.893385,0.1,0
0.635178,-0.0593809,0.0516747,0.998664,0.1,0
0.651597,0.111715,-0.328365,0.944551,0.1,0
0.303487,-0.605459,0.461062,-0.887368,0.1,0
-0.338108,-0.552027,0.996179,0.0873303,0.1,0
0.500586,0.41973,0.765587,0.643332,0.1,0
0.613972,-0.206338,0.777378,-0.629033,0.1,0
0.14163,-0.632069,-0.783482,-0.621414,0.1,0
-0.694406,-3.663e-5,-0.666048,0.745909,0.1,0
-0.665288,0.14713,0.95395,-0.299964,0.1,0
-0.29285,0.587051,0.795602,-0.60582,0.1,0
0.343924,0.560894,0.584338,-0.81151,0.1,0
0.568628,0.398259,0.960051,0.279824,0.1,0
0.676834,0.0384833,-0.762061,-0.647505,0.1,0
0.256796,-0.622241,-0.940896,0.338695,0.1,0
-0.0766987,-0.679635,0.960564,-0.278059,0.1,0
-0.28832,-0.61105,-0.738769,0.673958,0.1,0
-0.358984,0.545592,-0.601523,0.798856,0.1,0
0.379642,0.566119,0.507191,-0.861833,0.1,0
0.657061,0.187982,0.642701,0.766117,0.1,0
-0.682984,-0.161526,0.884129,0.467243,0.1,0
-0.640194,-0.175456,0.707562,0.706651,0.1,0
0.616776,0.208036,0.777382,-0.629029,0.1,0
0.367478,0.522794,0.57877,-0.815491,0.1,0
-0.349278,0.501651,0.248991,-0.968506,0.1,0
-0.243718,-0.605081,-0.937013,-0.349295,0.1,0
0.267763,-0.578598,0.155878,0.987776,0.1,0
0.642707,0.0678157,-0.159656,0.987173,0.1,0
0.526251,0.38312,0.44085,-0.897581,0.1,0
0.317034,0.524811,0.00962442,-0.999954,0.1,0
-0.309538,0.54526,0.737356,0.675505,0.1,0
-0.632247,0.11658,0.971864,-0.235542,0.1,0
-0.691968,0.0448973,-0.344016,0.938964,0.1,0
0.155945,-0.589407,0.208392,0.978045,0.1,0
0.586104,-0.24167,0.986295,-0.164993,0.1,0
0.461401,0.441855,-0.990588,-0.136874,0.1,0
-0.295119,-0.565329,0.929917,0.367771,0.1,0
0.305839,-0.560521,-0.970976,0.239178,0.1,0
0.616783,0.140228,-0.359663,0.933082,0.1,0
0.593296,-0.0429223,0.926575,-0.376111,0.1,0
0.625171,-0.102922,0.999653,-0.0263558,0.1,0
0.566814,-0.287322,0.755243,-0.655444,0.1,0
0.441365,-0.45125,0.255209,0.966886,0.1,0
-0.00118032,-0.647453,0.921158,-0.38919,0.1,0
-0.118793,-0.610702,-0.649071,0.760727,0.1,0
-0.196368,-0.623705,-0.0114035,-0.999935,0.1,0
-0.384509,-0.522807,-0.457213,0.889357,0.1,0
-0.536256,-0.315909,-0.238481,-0.971147,0.1,0
-0.576259,0.13925,0.241388,-0.970429,0.1,0
-0.489588,0.364443,-0.571818,0.82038,0.1,0
-0.483305,0.479234,0.995028,-0.0995966,0.1,0
-0.425568,0.477521,-0.9959,0.0904629,0.1,0
-0.0992032,0.630683,0.5065,0.86224,0.1,0
0.034,0.600348,-0.999877,0.015679,0.1,0
0.126509,0.633769,0.953562,-0.301196,0.1,0
0.139519,0.563774,0.783392,0.621528,0.1,0
0.24751,0.560461,0.200663,0.97966,0.1,0
0.519504,0.347606,-0.970172,0.242417,0.1,0
-0.17826,0.645545,-0.622793,-0.782386,0.1,0
-0.566661,0.191339,0.271383,-0.962471,0.1,0
-0.60212,-0.217363,0.71591,-0.698192,0.1,0
-0.267571,0.614345,-0.607915,-0.794002,0.1,0
-0.550347,0.310221,-0.696082,0.717962,0.1,0
-0.46314,-0.506379,0.858189,0.513334,0.1,0
0.0563733,-0.61564,-0.880996,-0.473124,0.1,0
0.506776,-0.445484,-0.346288,0.938128,0.1,0
0.574602,-0.356374,0.818372,0.574689,0.1,0
-0.499646,-0.434151,0.881398,0.472373,0.1,0
-0.584278,0.277031,-0.895218,0.445629,0.1,0
0.207312,0.576259,0.0914434,0.99581,0.1,0
0.0412277,0.647436,-0.981445,-0.191743,0.1,0
-0.0636917,0.637351,0.600715,0.799464,0.1,0
-0.608729,-0.302303,0.72078,-0.693164,0.1,0
0.384574,-0.494931,-0.834772,0.550596,0.1,0
0.623221,-0.139053,0.612851,0.790199,0.1,0
0.63908,0.0143281,-0.17092,-0.985285,0.1,0
0.513259,0.468875,-0.752412,0.658693,0.1,0
0.638194,-0.243961,0.549614,-0.835419,0.1,0
0.0988734,-0.645257,-0.804826,-0.593511,0.1,0
-0.672684,-0.0651331,0.983302,-0.181982,0.1,0
-0.655513,-0.0235381,0.852722,-0.522365,0.1,0
0.109193,-0.601457,0.731349,0.682004,0.1,0
0.474341,0.491465,-0.802058,0.597246,0.1,0
0.60497,0.043679,-0.00800444,-0.999968,0.1,0
0.583255,-0.118372,-0.388389,0.921495,0.1,0
0.396528,-0.451548,-0.353274,-0.93552,0.1,0
-0.583017,-0.265372,-0.27234,0.962201,0.1,0
-0.0744276,0.59365,0.914069,-0.405558,0.1,0
0.075256,0.61799,0.353741,0.935343,0.1,0
0.178478,0.54171,-0.365654,0.930751,0.1,0
-0.545554,0.254108,-0.553157,0.833077,0.1,0
-0.460322,-0.456029,0.253918,0.967226,0.1,0
0.542425,-0.324916,0.474739,0.880127,0.1,0
0.490733,-0.403441,-0.361697,-0.932296,0.1,0
-0.419598,-0.495017,-0.591349,0.806416,0.1,0
-0.512626,0.334759,-0.54677,0.837283,0.1,0
-0.250643,0.572651,0.881993,0.471262,0.1,0
-0.575072,-0.181399,0.436998,-0.899463,0.1,0
-0.530813,0.218541,0.960331,-0.278864,0.1,0
-0.207797,0.611596,-0.939393,-0.342841,0.1,0
0.480493,0.370036,-0.99999,0.00456871,0.1,0
0.27089,0.522011,0.979422,-0.201823,0.1,0
0.135868,0.518922,0.395318,-0.918544,0.1,0
-0.00756138,0.583096,-0.979072,-0.203513,0.1,0
-0.118309,0.58994,0.590641,0.806934,0.1,0
-0.445169,0.437014,-0.828018,0.560701,0.1,0
-0.534959,0.157119,0.342798,-0.939409,0.1,0
-0.493062,-0.303287,-0.0669873,-0.997754,0.1,0
-0.342135,-0.507659,0.456003,-0.889978,0.1,0
-0.16746,-0.589219,0.455374,-0.8903,0.1,0
0.0129288,-0.604722,-0.0443415,0.999016,0.1,0
0.541955,-0.249811,-0.485054,-0.874484,0.1,0
0.549942,-0.0549839,0.971036,0.238932,0.1,0
0.591598,0.102936,0.443335,0.896356,0.1,0
0.309086,-0.515638,-0.704593,0.709612,0.1,0
-0.28129,-0.522506,-0.603787,0.797146,0.1,0
0.131772,-0.551451,0.293959,0.955818,0.1,0
-0.654416,0.0201008,0.991026,0.133671,0.1,0
-0.615966,0.0746288,0.641225,-0.767353,0.1,0
-0.304475,0.500545,-0.983889,0.178779,0.1,0
0.320131,0.479918,0.931104,-0.364753,0.1,0
0.263374,-0.533812,-0.99963,0.0271975,0.1,0
-0.206374,-0.579973,0.444145,-0.895955,0.1,0
0.574617,0.1923,0.453704,-0.891152,0.1,0
-0.649401,-0.131573,-0.278514,0.960432,0.1,0
0.5896,-0.168509,-0.340846,0.940119,0.1,0
-0.0286417,-0.595057,0.216038,0.976385,0.1,0
-0.06593,-0.597587,-0.63195,0.775009,0.1,0
-0.481402,-0.359375,-0.336771,-0.941587,0.1,0
-0.463757,0.40096,-0.16083,0.986982,0.1,0
-0.382684,0.465366,-0.909316,0.416107,0.1,0
0.537261,0.30673,0.960296,-0.278982,0.1,0
-0.146154,0.614183,-0.516025,-0.856573,0.1,0
-0.175679,0.580223,-0.773591,0.633685,0.1,0
0.524135,0.263687,0.787764,0.615977,0.1,0
-0.339824,0.451653,0.514196,0.857673,0.1,0
-0.445055,0.360031,-0.945953,0.324305,0.1,0
-0.44722,-0.388643,-0.353648,-0.935378,0.1,0
-0.0497671,-0.55559,0.806873,0.590725,0.1,0
-0.00502197,-0.556754,0.0325363,0.999471,0.1,0
0.560787,-0.203075,-0.897053,0.441924,0.1,0
-0.620933,-0.0967224,-0.999332,0.0365579,0.1,0
0.555304,0.232945,-0.909581,-0.415527,0.1,0
-0.177207,-0.545705,-0.8976,-0.440811,0.1,0
0.272767,-0.489803,-0.8711,-0.491105,0.1,0
0.349972,0.446236,0.029367,-0.999569,0.1,0
-0.571566,0.0819554,0.65596,0.754795,0.1,0
-0.615855,-0.00309596,0.689485,0.7243,0.1,0
0.0899067,-0.53495,-0.835285,-0.549817,0.1,0
0.341159,-0.484073,-0.660292,-0.751009,0.1,0
0.561498,0.069485,-0.999865,-0.0164601,0.1,0
0.505177,-0.0503916,-0.633147,-0.774031,0.1,0
0.517377,-0.212116,-0.99985,0.0173293,0.1,0
0.0405003,-0.569158,-0.225498,0.974244,0.1,0
-0.128278,-0.567088,0.999269,-0.0382261,0.1,0
-0.349899,-0.463334,-0.843784,0.536683,0.1,0
-0.513876,-0.26339,-0.936597,-0.350407,0.1,0
-0.495429,0.178622,-0.777085,-0.629396,0.1,0
-0.41911,0.400327,-0.47907,0.877777,0.1,0
0.00413373,0.539642,-0.534986,0.844861,0.1,0
0.119124,0.477154,0.99826,-0.0589573,0.1,0
0.226601,0.514044,-0.923291,0.384102,0.1,0
0.44719,0.339772,-0.425469,-0.904973,0.1,0
-0.574663,-0.136401,-0.60634,-0.795205,0.1,0
-0.549107,0.361105,-0.314109,0.949387,0.1,0
0.445783,-0.401321,0.431506,-0.90211,0.1,0
0.517738,-0.287292,-0.95938,0.282117,0.1,0
-0.415689,-0.450293,-0.52442,0.85146,0.1,0
-0.500622,0.251636,0.762443,-0.647056,0.1,0
0.17484,0.496858,-0.855743,-0.517401,0.1,0
0.0698323,0.573318,0.914973,0.403516,0.1,0
-0.093222,0.552763,0.123968,0.992286,0.1,0
0.542556,-0.0991731,0.579889,0.814695,0.1,0
0.565631,0.0218283,0.874688,-0.484686,0.1,0
0.431671,0.477171,-0.999837,-0.0180713,0.1,0
-0.628395,-0.0594491,0.411867,-0.911244,0.1,0
-0.512519,0.285848,0.812071,-0.583559,0.1,0
-0.558435,-0.22816,-0.995769,0.0918932,0.1,0
0.488705,0.314797,0.804464,-0.594001,0.1,0
0.572382,0.147543,0.280333,-0.959903,0.1,0
-0.250362,-0.56066,-0.803443,-0.595382,0.1,0
0.179206,-0.550885,0.98404,-0.177946,0.1,0
-0.268387,0.527049,-0.0659617,0.997822,0.1,0
-0.691683,-0.117375,0.77082,0.637053,0.1,0
-0.263715,0.482293,-0.820434,0.571741,0.1,0
0.159226,-0.510564,-0.569949,-0.82168,0.1,0
-0.218521,-0.528862,-0.991517,0.129974,0.1,0
0.529832,0.132896,0.274335,-0.961634,0.1,0
0.448327,0.294931,-0.881852,-0.471527,0.1,0
-0.514463,-0.218598,-0.24625,0.969206,0.1,0
-0.467713,0.281671,-0.143479,-0.989653,0.1,0
-0.587343,-0.0410175,0.0197501,0.999805,0.1,0
0.386991,0.482528,0.367647,-0.929965,0.1,0
0.525709,0.0425951,0.576125,0.817361,0.1,0
0.507614,-0.127529,-0.891437,0.453145,0.1,0
-0.137317,0.543782,-0.983973,-0.178315,0.1,0
0.0484186,0.533739,-0.229991,0.973193,0.1,0
0.158042,0.45511,-0.854467,-0.519506,0.1,0
-0.376809,-0.427635,0.449838,0.89311,0.1,0
0.48245,-0.315215,0.245378,0.969428,0.1,0
0.401122,-0.406835,0.880159,0.47468,0.1,0
-0.536023,-0.159466,-0.0700768,0.997542,0.1,0
0.41454,0.37074,-0.998105,0.061533,0.1,0
0.223098,0.46918,-0.485649,0.874154,0.1,0
-0.378071,0.418787,0.756507,0.653985,0.1,0
-0.451918,0.190101,-0.986031,0.16656,0.1,0
-0.468926,-0.26551,0.369494,0.929233,0.1,0
-0.319726,-0.429949,-0.0325987,-0.999469,0.1,0
-0.0918389,-0.540683,0.971426,0.237344,0.1,0
0.0463306,-0.524538,-0.99227,0.124095,0.1,0
0.48787,-0.17814,0.566653,-0.823957,0.1,0
0.491722,-0.0933329,0.994935,0.100516,0.1,0
0.353269,-0.440734,-0.805245,-0.592943,0.1,0
-0.582513,0.0271251,0.297578,0.954697,0.1,0
-0.526594,0.0803805,-0.47982,0.877367,0.1,0
0.31715,0.415451,0.604363,0.796709,0.1,0
0.287113,-0.447151,0.658628,-0.752469,0.1,0
-0.177631,-0.500707,-0.761776,0.64784,0.1,0
0.597572,0.248388,0.835519,0.549461,0.1,0
-0.576208,-0.0917549,-0.471741,-0.881737,0.1,0
0.545449,-0.160769,-0.986315,0.164873,0.1,0
-0.0542514,-0.510814,0.985276,0.170972,0.1,0
-0.426908,-0.348488,-0.527106,-0.8498,0.1,0
-0.461255,0.318048,0.203197,-0.979138,0.1,0
0.506705,0.2222,-0.834361,-0.551218,0.1,0
0.569467,0.275301,0.822159,0.569258,0.1,0
0.529656,0.194185,0.275646,-0.961259,0.1,0
0.23016,-0.503451,-0.972136,-0.234418,0.1,0
0.5365,-0.0120387,0.998253,0.059086,0.1,0
-0.303923,-0.483892,-0.58426,0.811567,0.1,0
-0.452837,-0.32346,-0.0458208,-0.99895,0.1,0
-0.0456641,0.559154,0.755431,0.655229,0.1,0
0.0941945,0.535901,0.449433,0.893314,0.1,0
0.258103,0.478866,-0.928249,0.37196,0.1,0
0.446624,0.399666,-0.990975,0.134044,0.1,0
0.483458,-0.359033,-0.525077,0.851055,0.1,0
0.443879,-0.33762,-0.979611,-0.200905,0.1,0
0.41154,0.427846,-0.149534,0.988757,0.1,0
0.278149,0.438578,0.834362,-0.551217,0.1,0
0.0728283,0.496297,0.995035,0.0995262,0.1,0
-0.0646522,0.518357,0.441551,0.897236,0.1,0
-0.411101,-0.306633,0.177272,0.984162,0.1,0
-0.259061,-0.480374,0.284024,-0.958817,0.1,0
0.496498,0.00857349,-0.884161,0.467183,0.1,0
0.239927,-0.459524,0.230641,-0.973039,0.1,0
0.486252,0.182309,0.000211606,-1.0,0.1,0
0.473518,0.252592,-0.748442,0.663201,0.1,0
-0.424319,0.292343,0.212731,-0.977111,0.1,0
-0.061537,-0.466407,0.996315,-0.0857654,0.1,0
-0.536511,-0.112947,0.328079,-0.94465,0.1,0
-0.139215,-0.477273,-0.871161,0.490997,0.1,0
0.274388,0.401435,0.569433,-0.822038,0.1,0
-0.483557,0.0672334,-0.579572,0.814921,0.1,0
-0.545538,0.00147731,-0.9207,0.390272,0.1,0
0.3578,-0.395962,0.0536034,-0.998562,0.1,0
0.461736,-0.126886,0.510367,-0.859957,0.1,0
0.0192435,-0.488603,-0.854094,-0.520119,0.1,0
-0.096434,-0.495919,0.825398,-0.564551,0.1,0
-0.328406,-0.385794,-0.660635,-0.750707,0.1,0
-0.426893,-0.249441,0.949692,0.313184,0.1,0
-0.415321,0.216286,0.804642,-0.593761,0.1,0
-0.382813,0.374038,0.969511,0.245049,0.1,0
0.196918,0.432579,-0.379139,0.92534,0.1,0
0.373274,0.388687,0.503244,0.864144,0.1,0
-0.495104,-0.178192,0.591754,0.806119,0.1,0
0.419044,-0.365558,0.823416,0.567438,0.1,0
0.0207563,0.498246,0.806226,0.591608,0.1,0
-0.180417,0.530845,-0.403111,0.915151,0.1,0
0.520513,0.0872941,-0.869133,0.494578,0.1,0
-0.544807,-0.0557052,0.575403,-0.81787,0.1,0
-0.458203,0.237687,-0.733528,-0.679659,0.1,0
-0.469517,-0.220803,0.0256866,-0.99967,0.1,0
-0.219232,-0.483867,-0.884586,0.466378,0.1,0
0.192183,-0.479922,0.69224,-0.721668,0.1,0
-0.267609,0.437461,-0.951822,0.306652,0.1,0
-0.227379,0.508521,-0.495272,0.868738,0.1,0
-0.107948,0.510241,-0.189712,-0.98184,0.1,0
0.492377,-0.250119,-0.998083,0.0618856,0.1,0
0.403929,0.327384,-0.0307819,0.999526,0.1,0
-0.473751,0.139187,-0.961707,-0.274078,0.1,0
-0.132436,-0.522281,0.710247,-0.703952,0.1,0
-0.402283,-0.391025,-0.851651,-0.52411,0.1,0
-0.414355,0.327129,0.464673,-0.885482,0.1,0
-0.380081,0.297969,0.935246,0.353998,0.1,0
-0.367061,-0.363018,0.0906499,0.995883,0.1,0
-0.428775,0.137742,-0.980258,0.197725,0.1,0
0.362131,0.344055,-0.998618,-0.052557,0.1,0
0.449003,-0.238129,-0.281353,0.959604,0.1,0
-0.150986,0.497097,-0.92683,-0.375481,0.1,0
-0.22315,0.46372,0.245466,0.969405,0.1,0
0.201747,-0.435951,-0.780793,-0.624789,0.1,0
-0.183583,-0.456405,-0.797407,0.603441,0.1,0
-0.427521,-0.204635,-0.297524,-0.954714,0.1,0
-0.506593,-0.0794687,0.990141,0.140078,0.1,0
0.481269,0.0652734,-0.888319,0.459227,0.1,0
-0.188461,0.48657,0.46877,0.88332,0.1,0
-0.0217294,0.483414,0.528185,0.849129,0.1,0
0.37981,-0.343521,0.970786,-0.239946,0.1,0
-0.484373,-0.13449,0.315106,0.949056,0.1,0
0.331058,0.373103,-0.928743,0.370724,0.1,0
0.227093,0.399195,0.0339714,-0.999423,0.1,0
-0.350921,0.34229,0.900853,0.434125,0.1,0
-0.38998,0.253472,-0.422704,-0.906268,0.1,0
-0.384271,-0.263878,0.936228,0.351393,0.1,0
-0.283433,-0.384245,-0.945764,-0.324856,0.1,0
0.0617814,-0.473922,-0.242682,-0.970106,0.1,0
0.436469,-0.164123,0.308059,-0.951367,0.1,0
0.323814,-0.366467,-0.536995,-0.843586,0.1,0
-0.510702,-0.0270088,0.0261841,0.999657,0.1,0
-0.440013,0.055881,-0.389978,-0.920824,0.1,0
-0.103218,-0.450269,0.828603,0.559836,0.1,0
-0.0187788,-0.452381,-0.529605,-0.848244,0.1,0
0.428575,0.254843,-0.876626,0.481173,0.1,0
0.472334,0.139516,0.781878,-0.623432,0.1,0
0.254036,-0.416793,0.141109,-0.989994,0.1,0
-0.235435,-0.442075,-0.561757,0.827302,0.1,0
-0.0793357,0.47582,0.364895,0.931049,0.1,0
0.0452753,0.460718,0.518836,-0.854874,0.1,0
0.407184,-0.311572,0.338895,0.940824,0.1,0
-0.517702,0.0362678,-0.813522,0.581533,0.1,0
0.461433,-0.0600531,-0.983968,-0.178345,0.1,0
-0.275632,-0.438933,-0.977307,-0.211829,0.1,0
-0.341793,0.392163,-0.447293,0.894388,0.1,0
0.14941,-0.466647,0.924954,-0.380078,0.1,0
0.108819,-0.447221,0.992196,0.124691,0.1,0
-0.309891,0.360424,-0.862886,-0.505399,0.1,0
0.420224,-0.0419734,-0.345181,0.938536,0.1,0
-0.482758,0.00791336,-0.998982,0.0451107,0.1,0
0.413627,-0.267036,0.76962,0.638502,0.1,0
0.0847747,0.439159,0.195354,-0.980733,0.1,0
-0.0542854,0.438437,0.794615,0.607114,0.1,0
-0.199765,-0.414641,-0.364452,0.931222,0.1,0
0.233984,-0.376508,-0.921899,-0.387431,0.1,0
0.429457,0.125857,0.315843,-0.948811,0.1,0
0.388816,0.233767,0.992569,0.121685,0.1,0
0.0255092,-0.444408,-0.179634,-0.983733,0.1,0
-0.0681809,-0.42203,0.973521,-0.228598,0.1,0
-0.402026,0.080006,-0.0542725,-0.998526,0.1,0
0.282568,-0.384459,0.718523,0.695503,0.1,0
0.427287,-0.208177,0.389872,-0.920869,0.1,0
-0.240476,-0.39765,-0.683647,0.729813,0.1,0
-0.355888,-0.298798,-0.91071,0.413045,0.1,0
-0.370674,0.212824,0.0514966,0.998673,0.1,0
-0.33526,0.300103,0.446048,0.895009,0.1,0
0.188766,0.375615,-0.877649,-0.479303,0.1,0
0.288368,0.35887,-0.704225,0.709977,0.1,0
-0.450041,-0.105399,-0.401395,-0.915905,0.1,0
0.363746,-0.301485,0.954188,0.299208,0.1,0
-0.184036,0.441788,0.92217,0.386784,0.1,0
-0.4187,-0.160508,-0.999891,0.0147815,0.1,0
-0.145159,-0.432982,-0.265658,0.964067,0.1,0
-0.226936,0.41888,-0.902145,0.431432,0.1,0
0.335324,0.307911,0.76988,0.638189,0.1,0
-0.387553,0.119693,0.979701,0.200463,0.1,0
-0.327822,-0.340989,0.911866,-0.410489,0.1,0
-0.452446,0.0995504,-0.720243,0.693722,0.1,0
0.369984,0.297842,-0.104667,-0.994507,0.1,0
0.157849,0.41025,-0.22386,0.974621,0.1,0
-0.401795,0.173367,-0.121213,0.992627,0.1,0
0.417612,-0.118049,-0.0595695,-0.998224,0.1,0
0.315198,-0.410456,0.013449,0.99991,0.1,0
0.448778,0.215003,-0.134289,0.990942,0.1,0
0.116439,-0.496625,0.307113,-0.951673,0.1,0
0.409088,0.193796,0.756053,0.65451,0.1,0
0.395147,-0.0790583,-0.998134,0.061057,0.1,0
-0.360496,0.155494,-0.161094,0.986939,0.1,0
0.124738,0.379777,-0.990399,0.138238,0.1,0
0.340877,0.263523,-0.545237,0.838282,0.1,0
-0.28284,-0.339686,0.00982882,0.999952,0.1,0
-0.357728,0.0859964,0.504775,-0.863251,0.1,0
0.290375,0.310041,-0.917645,-0.397401,0.1,0
-0.263622,0.39282,-0.667701,-0.74443,0.1,0
-0.10968,-0.405302,0.99424,0.107172,0.1,0
-0.383417,-0.188438,-0.975563,-0.219721,0.1,0
-0.187851,0.39695,0.184136,-0.982901,0.1,0
0.320788,-0.288084,-0.456906,-0.889515,0.1,0
0.243394,0.357355,-0.127005,-0.991902,0.1,0
-0.335918,0.255108,-0.801567,-0.597905,0.1,0
-0.325677,0.213291,-0.990503,0.137492,0.1,0
-0.310895,-0.299598,-0.524017,0.851708,0.1,0
-0.204852,-0.370157,0.534688,0.84505,0.1,0
0.393823,-0.178091,-0.972199,-0.234155,0.1,0
0.288114,-0.339802,-0.717148,0.696921,0.1,0
-0.400609,0.0350283,0.999338,0.0363756,0.1,0
0.0293836,-0.399575,-0.959831,-0.280578,0.1,0
0.399187,0.159155,0.963691,-0.26702,0.1,0
0.189637,-0.384147,-0.0540941,0.998536,0.1,0
-0.161273,-0.39133,-0.995253,0.0973229,0.1,0
-0.0969993,0.424276,0.22267,-0.974894,0.1,0
0.0462324,0.415932,0.895664,-0.444731,0.1,0
-0.466671,-0.0341129,-0.4987,-0.866774,0.1,0
0.377874,-0.0267591,0.373374,0.927681,0.1,0
0.146197,-0.422164,0.982749,0.184944,0.1,0
-0.298274,0.403614,-0.327692,-0.944784,0.1,0
0.458662,-0.0151386,-0.813039,0.582209,0.1,0
0.00278957,0.445887,0.238247,-0.971205,0.1,0
0.44017,0.170987,0.280307,-0.95991,0.1,0
-0.00541223,-0.409412,-0.884093,0.46731,0.1,0
-0.437948,0.0109284,-0.639638,-0.768676,0.1,0
-0.339783,-0.257109,-0.295986,-0.955192,0.1,0
-0.362331,-0.218165,-0.991341,0.131315,0.1,0
-0.404843,-0.0195521,0.811347,0.584565,0.1,0
0.00127488,-0.364912,0.83816,0.545424,0.1,0
-0.0214109,0.407948,0.895349,-0.445365,0.1,0
0.430354,0.0198428,-0.631663,0.775243,0.1,0
-0.577359,0.446892,0.448906,-0.893579,0.1,0
